season,week,game_id,game_type,home_team,away_team,home_score,away_score,result,home_rest,away_rest,div_game
2015,1,2015_01_PIT_NE,REG,NE,PIT,28.0,21.0,7.0,7,7,0
2015,1,2015_01_IND_BUF,REG,BUF,IND,27.0,14.0,13.0,7,7,0
2015,1,2015_01_GB_CHI,REG,CHI,GB,23.0,31.0,-8.0,7,7,1
2015,1,2015_01_KC_HOU,REG,HOU,KC,20.0,27.0,-7.0,7,7,0
2015,1,2015_01_CAR_JAX,REG,JAX,CAR,9.0,20.0,-11.0,7,7,0
2015,1,2015_01_CLE_NYJ,REG,NYJ,CLE,31.0,10.0,21.0,7,7,0
2015,1,2015_01_SEA_STL,REG,STL,SEA,34.0,31.0,3.0,7,7,1
2015,1,2015_01_MIA_WAS,REG,WAS,MIA,10.0,17.0,-7.0,7,7,0
2015,1,2015_01_NO_ARI,REG,ARI,NO,31.0,19.0,12.0,7,7,0
2015,1,2015_01_DET_SD,REG,SD,DET,33.0,28.0,5.0,7,7,0
2015,1,2015_01_BAL_DEN,REG,DEN,BAL,19.0,13.0,6.0,7,7,0
2015,1,2015_01_CIN_OAK,REG,OAK,CIN,13.0,33.0,-20.0,7,7,0
2015,1,2015_01_TEN_TB,REG,TB,TEN,14.0,42.0,-28.0,7,7,0
2015,1,2015_01_NYG_DAL,REG,DAL,NYG,27.0,26.0,1.0,7,7,1
2015,1,2015_01_PHI_ATL,REG,ATL,PHI,26.0,24.0,2.0,7,7,0
2015,1,2015_01_MIN_SF,REG,SF,MIN,20.0,3.0,17.0,7,7,0
2015,2,2015_02_DEN_KC,REG,KC,DEN,24.0,31.0,-7.0,4,4,1
2015,2,2015_02_NE_BUF,REG,BUF,NE,32.0,40.0,-8.0,7,10,1
2015,2,2015_02_HOU_CAR,REG,CAR,HOU,24.0,17.0,7.0,7,7,0
2015,2,2015_02_ARI_CHI,REG,CHI,ARI,23.0,48.0,-25.0,7,7,0
2015,2,2015_02_SD_CIN,REG,CIN,SD,24.0,19.0,5.0,7,7,0
2015,2,2015_02_TEN_CLE,REG,CLE,TEN,28.0,14.0,14.0,7,7,0
2015,2,2015_02_DET_MIN,REG,MIN,DET,26.0,16.0,10.0,6,7,1
2015,2,2015_02_TB_NO,REG,NO,TB,19.0,26.0,-7.0,7,7,1
2015,2,2015_02_ATL_NYG,REG,NYG,ATL,20.0,24.0,-4.0,7,6,0
2015,2,2015_02_SF_PIT,REG,PIT,SF,43.0,18.0,25.0,10,6,0
2015,2,2015_02_STL_WAS,REG,WAS,STL,24.0,10.0,14.0,7,7,0
2015,2,2015_02_MIA_JAX,REG,JAX,MIA,23.0,20.0,3.0,7,7,0
2015,2,2015_02_BAL_OAK,REG,OAK,BAL,37.0,33.0,4.0,7,7,0
2015,2,2015_02_DAL_PHI,REG,PHI,DAL,10.0,20.0,-10.0,6,7,1
2015,2,2015_02_SEA_GB,REG,GB,SEA,27.0,17.0,10.0,7,7,0
2015,2,2015_02_NYJ_IND,REG,IND,NYJ,7.0,20.0,-13.0,8,8,0
2015,3,2015_03_WAS_NYG,REG,NYG,WAS,32.0,21.0,11.0,4,4,1
2015,3,2015_03_CIN_BAL,REG,BAL,CIN,24.0,28.0,-4.0,7,7,1
2015,3,2015_03_NO_CAR,REG,CAR,NO,27.0,22.0,5.0,7,7,1
2015,3,2015_03_OAK_CLE,REG,CLE,OAK,20.0,27.0,-7.0,7,7,0
2015,3,2015_03_ATL_DAL,REG,DAL,ATL,28.0,39.0,-11.0,7,7,0
2015,3,2015_03_TB_HOU,REG,HOU,TB,19.0,9.0,10.0,7,7,0
2015,3,2015_03_SD_MIN,REG,MIN,SD,31.0,14.0,17.0,7,7,0
2015,3,2015_03_JAX_NE,REG,NE,JAX,51.0,17.0,34.0,7,7,0
2015,3,2015_03_PHI_NYJ,REG,NYJ,PHI,17.0,24.0,-7.0,6,7,0
2015,3,2015_03_PIT_STL,REG,STL,PIT,6.0,12.0,-6.0,7,7,0
2015,3,2015_03_IND_TEN,REG,TEN,IND,33.0,35.0,-2.0,7,6,1
2015,3,2015_03_SF_ARI,REG,ARI,SF,47.0,7.0,40.0,7,7,1
2015,3,2015_03_BUF_MIA,REG,MIA,BUF,14.0,41.0,-27.0,7,7,1
2015,3,2015_03_CHI_SEA,REG,SEA,CHI,26.0,0.0,26.0,7,7,0
2015,3,2015_03_DEN_DET,REG,DET,DEN,12.0,24.0,-12.0,7,10,0
2015,3,2015_03_KC_GB,REG,GB,KC,38.0,28.0,10.0,8,11,0
2015,4,2015_04_BAL_PIT,REG,PIT,BAL,20.0,23.0,-3.0,4,4,1
2015,4,2015_04_NYJ_MIA,REG,MIA,NYJ,14.0,27.0,-13.0,7,7,1
2015,4,2015_04_HOU_ATL,REG,ATL,HOU,48.0,21.0,27.0,7,7,0
2015,4,2015_04_NYG_BUF,REG,BUF,NYG,10.0,24.0,-14.0,7,10,0
2015,4,2015_04_OAK_CHI,REG,CHI,OAK,22.0,20.0,2.0,7,7,0
2015,4,2015_04_KC_CIN,REG,CIN,KC,36.0,21.0,15.0,7,6,0
2015,4,2015_04_JAX_IND,REG,IND,JAX,16.0,13.0,3.0,7,7,1
2015,4,2015_04_CAR_TB,REG,TB,CAR,23.0,37.0,-14.0,7,7,1
2015,4,2015_04_PHI_WAS,REG,WAS,PHI,23.0,20.0,3.0,10,7,1
2015,4,2015_04_CLE_SD,REG,SD,CLE,30.0,27.0,3.0,7,7,0
2015,4,2015_04_STL_ARI,REG,ARI,STL,22.0,24.0,-2.0,7,7,1
2015,4,2015_04_MIN_DEN,REG,DEN,MIN,23.0,20.0,3.0,7,7,0
2015,4,2015_04_GB_SF,REG,SF,GB,3.0,17.0,-14.0,7,6,0
2015,4,2015_04_DAL_NO,REG,NO,DAL,26.0,20.0,6.0,7,7,0
2015,4,2015_04_DET_SEA,REG,SEA,DET,13.0,10.0,3.0,8,8,0
2015,5,2015_05_IND_HOU,REG,HOU,IND,20.0,27.0,-7.0,4,4,1
2015,5,2015_05_WAS_ATL,REG,ATL,WAS,25.0,19.0,6.0,7,7,0
2015,5,2015_05_CLE_BAL,REG,BAL,CLE,30.0,33.0,-3.0,10,7,1
2015,5,2015_05_SEA_CIN,REG,CIN,SEA,27.0,24.0,3.0,7,6,0
2015,5,2015_05_STL_GB,REG,GB,STL,24.0,10.0,14.0,7,7,0
2015,5,2015_05_CHI_KC,REG,KC,CHI,17.0,18.0,-1.0,7,7,0
2015,5,2015_05_NO_PHI,REG,PHI,NO,39.0,17.0,22.0,7,7,0
2015,5,2015_05_JAX_TB,REG,TB,JAX,38.0,31.0,7.0,7,7,0
2015,5,2015_05_BUF_TEN,REG,TEN,BUF,13.0,14.0,-1.0,14,7,0
2015,5,2015_05_ARI_DET,REG,DET,ARI,17.0,42.0,-25.0,6,7,0
2015,5,2015_05_NE_DAL,REG,DAL,NE,6.0,30.0,-24.0,7,14,0
2015,5,2015_05_DEN_OAK,REG,OAK,DEN,10.0,16.0,-6.0,7,7,1
2015,5,2015_05_SF_NYG,REG,NYG,SF,30.0,27.0,3.0,7,7,0
2015,5,2015_05_PIT_SD,REG,SD,PIT,20.0,24.0,-4.0,8,11,0
2015,6,2015_06_ATL_NO,REG,NO,ATL,31.0,21.0,10.0,4,4,1
2015,6,2015_06_CIN_BUF,REG,BUF,CIN,21.0,34.0,-13.0,7,7,0
2015,6,2015_06_DEN_CLE,REG,CLE,DEN,23.0,26.0,-3.0,7,7,0
2015,6,2015_06_CHI_DET,REG,DET,CHI,37.0,34.0,3.0,7,7,1
2015,6,2015_06_HOU_JAX,REG,JAX,HOU,20.0,31.0,-11.0,7,10,1
2015,6,2015_06_KC_MIN,REG,MIN,KC,16.0,10.0,6.0,14,7,0
2015,6,2015_06_WAS_NYJ,REG,NYJ,WAS,34.0,20.0,14.0,14,7,0
2015,6,2015_06_ARI_PIT,REG,PIT,ARI,25.0,13.0,12.0,6,7,0
2015,6,2015_06_MIA_TEN,REG,TEN,MIA,10.0,38.0,-28.0,7,14,0
2015,6,2015_06_CAR_SEA,REG,SEA,CAR,23.0,27.0,-4.0,7,14,0
2015,6,2015_06_SD_GB,REG,GB,SD,27.0,20.0,7.0,7,6,0
2015,6,2015_06_BAL_SF,REG,SF,BAL,25.0,20.0,5.0,7,7,0
2015,6,2015_06_NE_IND,REG,IND,NE,27.0,34.0,-7.0,10,7,0
2015,6,2015_06_NYG_PHI,REG,PHI,NYG,27.0,7.0,20.0,8,8,1
2015,7,2015_07_SEA_SF,REG,SF,SEA,3.0,20.0,-17.0,4,4,1
2015,7,2015_07_BUF_JAX,REG,JAX,BUF,34.0,31.0,3.0,7,7,0
2015,7,2015_07_MIN_DET,REG,DET,MIN,19.0,28.0,-9.0,7,7,1
2015,7,2015_07_NO_IND,REG,IND,NO,21.0,27.0,-6.0,7,10,0
2015,7,2015_07_PIT_KC,REG,KC,PIT,23.0,13.0,10.0,7,7,0
2015,7,2015_07_HOU_MIA,REG,MIA,HOU,44.0,26.0,18.0,7,7,0
2015,7,2015_07_NYJ_NE,REG,NE,NYJ,30.0,23.0,7.0,7,7,1
2015,7,2015_07_CLE_STL,REG,STL,CLE,24.0,6.0,18.0,14,7,0
2015,7,2015_07_ATL_TEN,REG,TEN,ATL,7.0,10.0,-3.0,7,10,0
2015,7,2015_07_TB_WAS,REG,WAS,TB,31.0,30.0,1.0,7,14,0
2015,7,2015_07_OAK_SD,REG,SD,OAK,29.0,37.0,-8.0,7,14,1
2015,7,2015_07_DAL_NYG,REG,NYG,DAL,27.0,20.0,7.0,6,14,1
2015,7,2015_07_PHI_CAR,REG,CAR,PHI,27.0,16.0,11.0,7,6,0
2015,7,2015_07_BAL_ARI,REG,ARI,BAL,26.0,18.0,8.0,8,8,0
2015,8,2015_08_MIA_NE,REG,NE,MIA,36.0,7.0,29.0,4,4,1
2015,8,2015_08_DET_KC,REG,KC,DET,45.0,10.0,35.0,7,7,0
2015,8,2015_08_TB_ATL,REG,ATL,TB,20.0,23.0,-3.0,7,7,1
2015,8,2015_08_SD_BAL,REG,BAL,SD,29.0,26.0,3.0,6,7,0
2015,8,2015_08_MIN_CHI,REG,CHI,MIN,20.0,23.0,-3.0,14,7,1
2015,8,2015_08_ARI_CLE,REG,CLE,ARI,20.0,34.0,-14.0,7,6,0
2015,8,2015_08_TEN_HOU,REG,HOU,TEN,20.0,6.0,14.0,7,7,1
2015,8,2015_08_NYG_NO,REG,NO,NYG,52.0,49.0,3.0,7,7,0
2015,8,2015_08_CIN_PIT,REG,PIT,CIN,10.0,16.0,-6.0,7,14,1
2015,8,2015_08_SF_STL,REG,STL,SF,27.0,6.0,21.0,7,10,1
2015,8,2015_08_NYJ_OAK,REG,OAK,NYJ,34.0,20.0,14.0,7,7,0
2015,8,2015_08_SEA_DAL,REG,DAL,SEA,12.0,13.0,-1.0,7,10,0
2015,8,2015_08_GB_DEN,REG,DEN,GB,29.0,10.0,19.0,14,14,0
2015,8,2015_08_IND_CAR,REG,CAR,IND,29.0,26.0,3.0,8,8,0
2015,9,2015_09_CLE_CIN,REG,CIN,CLE,31.0,10.0,21.0,4,4,1
2015,9,2015_09_MIA_BUF,REG,BUF,MIA,33.0,17.0,16.0,14,10,1
2015,9,2015_09_GB_CAR,REG,CAR,GB,37.0,29.0,8.0,6,7,0
2015,9,2015_09_STL_MIN,REG,MIN,STL,21.0,18.0,3.0,7,7,0
2015,9,2015_09_WAS_NE,REG,NE,WAS,27.0,10.0,17.0,10,14,0
2015,9,2015_09_TEN_NO,REG,NO,TEN,28.0,34.0,-6.0,7,7,0
2015,9,2015_09_JAX_NYJ,REG,NYJ,JAX,28.0,23.0,5.0,7,14,0
2015,9,2015_09_OAK_PIT,REG,PIT,OAK,38.0,35.0,3.0,7,7,0
2015,9,2015_09_ATL_SF,REG,SF,ATL,17.0,16.0,1.0,7,7,0
2015,9,2015_09_NYG_TB,REG,TB,NYG,18.0,32.0,-14.0,7,7,0
2015,9,2015_09_DEN_IND,REG,IND,DEN,27.0,24.0,3.0,6,7,0
2015,9,2015_09_PHI_DAL,REG,DAL,PHI,27.0,33.0,-6.0,7,14,1
2015,9,2015_09_CHI_SD,REG,SD,CHI,19.0,22.0,-3.0,8,8,0
2015,10,2015_10_BUF_NYJ,REG,NYJ,BUF,17.0,22.0,-5.0,4,4,1
2015,10,2015_10_JAX_BAL,REG,BAL,JAX,20.0,22.0,-2.0,14,7,0
2015,10,2015_10_DET_GB,REG,GB,DET,16.0,18.0,-2.0,7,14,1
2015,10,2015_10_MIA_PHI,REG,PHI,MIA,19.0,20.0,-1.0,7,7,0
2015,10,2015_10_CLE_PIT,REG,PIT,CLE,30.0,9.0,21.0,7,10,1
2015,10,2015_10_CHI_STL,REG,STL,CHI,13.0,37.0,-24.0,7,6,0
2015,10,2015_10_DAL_TB,REG,TB,DAL,10.0,6.0,4.0,7,7,0
2015,10,2015_10_CAR_TEN,REG,TEN,CAR,10.0,27.0,-17.0,7,7,0
2015,10,2015_10_NO_WAS,REG,WAS,NO,47.0,14.0,33.0,7,7,0
2015,10,2015_10_MIN_OAK,REG,OAK,MIN,14.0,30.0,-16.0,7,7,0
2015,10,2015_10_KC_DEN,REG,DEN,KC,13.0,29.0,-16.0,7,14,1
2015,10,2015_10_NE_NYG,REG,NYG,NE,26.0,27.0,-1.0,7,7,0
2015,10,2015_10_ARI_SEA,REG,SEA,ARI,32.0,39.0,-7.0,14,14,1
2015,10,2015_10_HOU_CIN,REG,CIN,HOU,6.0,10.0,-4.0,11,15,0
2015,11,2015_11_TEN_JAX,REG,JAX,TEN,19.0,13.0,6.0,4,4,1
2015,11,2015_11_IND_ATL,REG,ATL,IND,21.0,24.0,-3.0,14,14,0
2015,11,2015_11_STL_BAL,REG,BAL,STL,16.0,13.0,3.0,7,7,0
2015,11,2015_11_WAS_CAR,REG,CAR,WAS,44.0,16.0,28.0,7,7,0
2015,11,2015_11_DEN_CHI,REG,CHI,DEN,15.0,17.0,-2.0,7,7,0
2015,11,2015_11_OAK_DET,REG,DET,OAK,18.0,13.0,5.0,7,7,0
2015,11,2015_11_NYJ_HOU,REG,HOU,NYJ,24.0,17.0,7.0,6,10,0
2015,11,2015_11_DAL_MIA,REG,MIA,DAL,14.0,24.0,-10.0,7,7,0
2015,11,2015_11_TB_PHI,REG,PHI,TB,17.0,45.0,-28.0,7,7,0
2015,11,2015_11_KC_SD,REG,SD,KC,3.0,33.0,-30.0,13,7,1
2015,11,2015_11_GB_MIN,REG,MIN,GB,13.0,30.0,-17.0,7,7,1
2015,11,2015_11_SF_SEA,REG,SEA,SF,29.0,13.0,16.0,7,14,1
2015,11,2015_11_CIN_ARI,REG,ARI,CIN,34.0,31.0,3.0,7,6,0
2015,11,2015_11_BUF_NE,REG,NE,BUF,20.0,13.0,7.0,8,11,1
2015,12,2015_12_PHI_DET,REG,DET,PHI,45.0,14.0,31.0,4,4,0
2015,12,2015_12_CAR_DAL,REG,DAL,CAR,14.0,33.0,-19.0,4,4,0
2015,12,2015_12_CHI_GB,REG,GB,CHI,13.0,17.0,-4.0,4,4,1
2015,12,2015_12_MIN_ATL,REG,ATL,MIN,10.0,20.0,-10.0,7,7,0
2015,12,2015_12_STL_CIN,REG,CIN,STL,31.0,7.0,24.0,7,7,0
2015,12,2015_12_NO_HOU,REG,HOU,NO,24.0,6.0,18.0,7,14,0
2015,12,2015_12_TB_IND,REG,IND,TB,25.0,12.0,13.0,7,7,0
2015,12,2015_12_SD_JAX,REG,JAX,SD,25.0,31.0,-6.0,10,7,0
2015,12,2015_12_BUF_KC,REG,KC,BUF,30.0,22.0,8.0,7,6,0
2015,12,2015_12_MIA_NYJ,REG,NYJ,MIA,38.0,20.0,18.0,7,7,1
2015,12,2015_12_OAK_TEN,REG,TEN,OAK,21.0,24.0,-3.0,10,7,0
2015,12,2015_12_NYG_WAS,REG,WAS,NYG,20.0,14.0,6.0,7,14,1
2015,12,2015_12_ARI_SF,REG,SF,ARI,13.0,19.0,-6.0,7,7,1
2015,12,2015_12_PIT_SEA,REG,SEA,PIT,39.0,30.0,9.0,7,14,0
2015,12,2015_12_NE_DEN,REG,DEN,NE,30.0,24.0,6.0,7,6,0
2015,12,2015_12_BAL_CLE,REG,CLE,BAL,27.0,33.0,-6.0,15,8,1
2015,13,2015_13_GB_DET,REG,DET,GB,23.0,27.0,-4.0,7,7,1
2015,13,2015_13_HOU_BUF,REG,BUF,HOU,30.0,21.0,9.0,7,7,0
2015,13,2015_13_SF_CHI,REG,CHI,SF,20.0,26.0,-6.0,10,7,0
2015,13,2015_13_CIN_CLE,REG,CLE,CIN,3.0,37.0,-34.0,6,7,1
2015,13,2015_13_BAL_MIA,REG,MIA,BAL,15.0,13.0,2.0,7,6,0
2015,13,2015_13_SEA_MIN,REG,MIN,SEA,7.0,38.0,-31.0,7,7,0
2015,13,2015_13_NYJ_NYG,REG,NYG,NYJ,20.0,23.0,-3.0,7,7,0
2015,13,2015_13_ARI_STL,REG,STL,ARI,3.0,27.0,-24.0,7,7,1
2015,13,2015_13_ATL_TB,REG,TB,ATL,23.0,19.0,4.0,7,7,1
2015,13,2015_13_JAX_TEN,REG,TEN,JAX,42.0,39.0,3.0,7,7,1
2015,13,2015_13_KC_OAK,REG,OAK,KC,20.0,34.0,-14.0,7,7,1
2015,13,2015_13_DEN_SD,REG,SD,DEN,3.0,17.0,-14.0,7,7,1
2015,13,2015_13_PHI_NE,REG,NE,PHI,28.0,35.0,-7.0,7,10,0
2015,13,2015_13_CAR_NO,REG,NO,CAR,38.0,41.0,-3.0,7,10,1
2015,13,2015_13_IND_PIT,REG,PIT,IND,45.0,10.0,35.0,7,7,0
2015,13,2015_13_DAL_WAS,REG,WAS,DAL,16.0,19.0,-3.0,8,11,1
2015,14,2015_14_MIN_ARI,REG,ARI,MIN,23.0,20.0,3.0,4,4,0
2015,14,2015_14_SEA_BAL,REG,BAL,SEA,6.0,35.0,-29.0,7,7,0
2015,14,2015_14_ATL_CAR,REG,CAR,ATL,38.0,0.0,38.0,7,7,1
2015,14,2015_14_WAS_CHI,REG,CHI,WAS,21.0,24.0,-3.0,7,6,0
2015,14,2015_14_PIT_CIN,REG,CIN,PIT,20.0,33.0,-13.0,7,7,1
2015,14,2015_14_SF_CLE,REG,CLE,SF,24.0,10.0,14.0,7,7,0
2015,14,2015_14_IND_JAX,REG,JAX,IND,51.0,16.0,35.0,7,7,1
2015,14,2015_14_SD_KC,REG,KC,SD,10.0,3.0,7.0,7,7,1
2015,14,2015_14_TEN_NYJ,REG,NYJ,TEN,30.0,8.0,22.0,7,7,0
2015,14,2015_14_BUF_PHI,REG,PHI,BUF,23.0,20.0,3.0,7,7,0
2015,14,2015_14_DET_STL,REG,STL,DET,21.0,14.0,7.0,7,10,0
2015,14,2015_14_NO_TB,REG,TB,NO,17.0,24.0,-7.0,7,7,1
2015,14,2015_14_OAK_DEN,REG,DEN,OAK,12.0,15.0,-3.0,7,7,1
2015,14,2015_14_DAL_GB,REG,GB,DAL,28.0,7.0,21.0,10,6,0
2015,14,2015_14_NE_HOU,REG,HOU,NE,6.0,27.0,-21.0,7,7,0
2015,14,2015_14_NYG_MIA,REG,MIA,NYG,24.0,31.0,-7.0,8,8,0
2015,15,2015_15_TB_STL,REG,STL,TB,31.0,23.0,8.0,4,4,0
2015,15,2015_15_NYJ_DAL,REG,DAL,NYJ,16.0,19.0,-3.0,6,6,0
2015,15,2015_15_KC_BAL,REG,BAL,KC,14.0,34.0,-20.0,7,7,0
2015,15,2015_15_HOU_IND,REG,IND,HOU,10.0,16.0,-6.0,7,7,1
2015,15,2015_15_ATL_JAX,REG,JAX,ATL,17.0,23.0,-6.0,7,7,0
2015,15,2015_15_CHI_MIN,REG,MIN,CHI,38.0,17.0,21.0,10,7,1
2015,15,2015_15_TEN_NE,REG,NE,TEN,33.0,16.0,17.0,7,7,0
2015,15,2015_15_CAR_NYG,REG,NYG,CAR,35.0,38.0,-3.0,6,7,0
2015,15,2015_15_BUF_WAS,REG,WAS,BUF,35.0,25.0,10.0,7,7,0
2015,15,2015_15_GB_OAK,REG,OAK,GB,20.0,30.0,-10.0,7,7,0
2015,15,2015_15_CLE_SEA,REG,SEA,CLE,30.0,13.0,17.0,7,7,0
2015,15,2015_15_DEN_PIT,REG,PIT,DEN,34.0,27.0,7.0,7,7,0
2015,15,2015_15_MIA_SD,REG,SD,MIA,30.0,14.0,16.0,7,6,0
2015,15,2015_15_CIN_SF,REG,SF,CIN,14.0,24.0,-10.0,7,7,0
2015,15,2015_15_ARI_PHI,REG,PHI,ARI,17.0,40.0,-23.0,7,10,0
2015,15,2015_15_DET_NO,REG,NO,DET,27.0,35.0,-8.0,8,8,0
2015,16,2015_16_SD_OAK,REG,OAK,SD,23.0,20.0,3.0,4,4,1
2015,16,2015_16_WAS_PHI,REG,PHI,WAS,24.0,38.0,-14.0,6,6,1
2015,16,2015_16_CAR_ATL,REG,ATL,CAR,20.0,13.0,7.0,7,7,1
2015,16,2015_16_PIT_BAL,REG,BAL,PIT,20.0,17.0,3.0,7,7,1
2015,16,2015_16_DAL_BUF,REG,BUF,DAL,16.0,6.0,10.0,7,8,0
2015,16,2015_16_SF_DET,REG,DET,SF,32.0,17.0,15.0,6,7,0
2015,16,2015_16_CLE_KC,REG,KC,CLE,17.0,13.0,4.0,7,7,0
2015,16,2015_16_IND_MIA,REG,MIA,IND,12.0,18.0,-6.0,7,7,0
2015,16,2015_16_NE_NYJ,REG,NYJ,NE,26.0,20.0,6.0,8,7,1
2015,16,2015_16_CHI_TB,REG,TB,CHI,21.0,26.0,-5.0,10,7,0
2015,16,2015_16_HOU_TEN,REG,TEN,HOU,6.0,34.0,-28.0,7,7,1
2015,16,2015_16_JAX_NO,REG,NO,JAX,38.0,27.0,11.0,6,7,0
2015,16,2015_16_GB_ARI,REG,ARI,GB,38.0,8.0,30.0,7,7,0
2015,16,2015_16_STL_SEA,REG,SEA,STL,17.0,23.0,-6.0,7,10,1
2015,16,2015_16_NYG_MIN,REG,MIN,NYG,49.0,17.0,32.0,7,7,0
2015,16,2015_16_CIN_DEN,REG,DEN,CIN,20.0,17.0,3.0,8,8,0
2015,17,2015_17_NO_ATL,REG,ATL,NO,17.0,20.0,-3.0,7,7,1
2015,17,2015_17_NYJ_BUF,REG,BUF,NYJ,22.0,17.0,5.0,7,7,1
2015,17,2015_17_DET_CHI,REG,CHI,DET,20.0,24.0,-4.0,7,7,1
2015,17,2015_17_BAL_CIN,REG,CIN,BAL,24.0,16.0,8.0,6,7,1
2015,17,2015_17_PIT_CLE,REG,CLE,PIT,12.0,28.0,-16.0,7,7,1
2015,17,2015_17_WAS_DAL,REG,DAL,WAS,23.0,34.0,-11.0,7,8,1
2015,17,2015_17_JAX_HOU,REG,HOU,JAX,30.0,6.0,24.0,7,7,1
2015,17,2015_17_TEN_IND,REG,IND,TEN,30.0,24.0,6.0,7,7,1
2015,17,2015_17_NE_MIA,REG,MIA,NE,20.0,10.0,10.0,7,7,1
2015,17,2015_17_PHI_NYG,REG,NYG,PHI,30.0,35.0,-5.0,7,8,1
2015,17,2015_17_SEA_ARI,REG,ARI,SEA,6.0,36.0,-30.0,7,7,1
2015,17,2015_17_TB_CAR,REG,CAR,TB,38.0,10.0,28.0,7,7,1
2015,17,2015_17_SD_DEN,REG,DEN,SD,27.0,20.0,7.0,6,10,1
2015,17,2015_17_OAK_KC,REG,KC,OAK,23.0,17.0,6.0,7,10,1
2015,17,2015_17_STL_SF,REG,SF,STL,19.0,16.0,3.0,7,7,1
2015,17,2015_17_MIN_GB,REG,GB,MIN,13.0,20.0,-7.0,7,7,1
2016,1,2016_01_CAR_DEN,REG,DEN,CAR,21.0,20.0,1.0,7,7,0
2016,1,2016_01_TB_ATL,REG,ATL,TB,24.0,31.0,-7.0,7,7,1
2016,1,2016_01_BUF_BAL,REG,BAL,BUF,13.0,7.0,6.0,7,7,0
2016,1,2016_01_CHI_HOU,REG,HOU,CHI,23.0,14.0,9.0,7,7,0
2016,1,2016_01_GB_JAX,REG,JAX,GB,23.0,27.0,-4.0,7,7,0
2016,1,2016_01_SD_KC,REG,KC,SD,33.0,27.0,6.0,7,7,1
2016,1,2016_01_OAK_NO,REG,NO,OAK,34.0,35.0,-1.0,7,7,0
2016,1,2016_01_CIN_NYJ,REG,NYJ,CIN,22.0,23.0,-1.0,7,7,0
2016,1,2016_01_CLE_PHI,REG,PHI,CLE,29.0,10.0,19.0,7,7,0
2016,1,2016_01_MIN_TEN,REG,TEN,MIN,16.0,25.0,-9.0,7,7,0
2016,1,2016_01_MIA_SEA,REG,SEA,MIA,12.0,10.0,2.0,7,7,0
2016,1,2016_01_NYG_DAL,REG,DAL,NYG,19.0,20.0,-1.0,7,7,1
2016,1,2016_01_DET_IND,REG,IND,DET,35.0,39.0,-4.0,7,7,0
2016,1,2016_01_NE_ARI,REG,ARI,NE,21.0,23.0,-2.0,7,7,0
2016,1,2016_01_PIT_WAS,REG,WAS,PIT,16.0,38.0,-22.0,7,7,0
2016,1,2016_01_LA_SF,REG,SF,LA,28.0,0.0,28.0,7,7,1
2016,2,2016_02_NYJ_BUF,REG,BUF,NYJ,31.0,37.0,-6.0,4,4,1
2016,2,2016_02_TB_ARI,REG,ARI,TB,40.0,7.0,33.0,7,7,0
2016,2,2016_02_SF_CAR,REG,CAR,SF,46.0,27.0,19.0,10,6,0
2016,2,2016_02_BAL_CLE,REG,CLE,BAL,20.0,25.0,-5.0,7,7,1
2016,2,2016_02_TEN_DET,REG,DET,TEN,15.0,16.0,-1.0,7,7,0
2016,2,2016_02_KC_HOU,REG,HOU,KC,19.0,12.0,7.0,7,7,0
2016,2,2016_02_MIA_NE,REG,NE,MIA,31.0,24.0,7.0,7,7,1
2016,2,2016_02_NO_NYG,REG,NYG,NO,16.0,13.0,3.0,7,7,0
2016,2,2016_02_CIN_PIT,REG,PIT,CIN,24.0,16.0,8.0,6,7,1
2016,2,2016_02_DAL_WAS,REG,WAS,DAL,23.0,27.0,-4.0,6,7,1
2016,2,2016_02_SEA_LA,REG,LA,SEA,9.0,3.0,6.0,6,7,1
2016,2,2016_02_IND_DEN,REG,DEN,IND,34.0,20.0,14.0,10,7,0
2016,2,2016_02_ATL_OAK,REG,OAK,ATL,28.0,35.0,-7.0,7,7,0
2016,2,2016_02_JAX_SD,REG,SD,JAX,38.0,14.0,24.0,7,7,0
2016,2,2016_02_GB_MIN,REG,MIN,GB,17.0,14.0,3.0,7,7,1
2016,2,2016_02_PHI_CHI,REG,CHI,PHI,14.0,29.0,-15.0,8,8,0
2016,3,2016_03_HOU_NE,REG,NE,HOU,27.0,0.0,27.0,4,4,0
2016,3,2016_03_ARI_BUF,REG,BUF,ARI,33.0,18.0,15.0,10,7,0
2016,3,2016_03_MIN_CAR,REG,CAR,MIN,10.0,22.0,-12.0,7,7,0
2016,3,2016_03_DEN_CIN,REG,CIN,DEN,17.0,29.0,-12.0,7,7,0
2016,3,2016_03_DET_GB,REG,GB,DET,34.0,27.0,7.0,7,7,1
2016,3,2016_03_BAL_JAX,REG,JAX,BAL,17.0,19.0,-2.0,7,7,0
2016,3,2016_03_CLE_MIA,REG,MIA,CLE,30.0,24.0,6.0,7,7,0
2016,3,2016_03_WAS_NYG,REG,NYG,WAS,27.0,29.0,-2.0,7,7,1
2016,3,2016_03_OAK_TEN,REG,TEN,OAK,10.0,17.0,-7.0,7,7,0
2016,3,2016_03_SF_SEA,REG,SEA,SF,37.0,18.0,19.0,7,7,1
2016,3,2016_03_LA_TB,REG,TB,LA,32.0,37.0,-5.0,7,7,0
2016,3,2016_03_SD_IND,REG,IND,SD,26.0,22.0,4.0,7,7,0
2016,3,2016_03_NYJ_KC,REG,KC,NYJ,24.0,3.0,21.0,7,10,0
2016,3,2016_03_PIT_PHI,REG,PHI,PIT,34.0,3.0,31.0,6,7,0
2016,3,2016_03_CHI_DAL,REG,DAL,CHI,31.0,17.0,14.0,7,6,0
2016,3,2016_03_ATL_NO,REG,NO,ATL,32.0,45.0,-13.0,8,8,1
2016,4,2016_04_MIA_CIN,REG,CIN,MIA,22.0,7.0,15.0,4,4,0
2016,4,2016_04_IND_JAX,REG,JAX,IND,30.0,27.0,3.0,7,7,1
2016,4,2016_04_CAR_ATL,REG,ATL,CAR,48.0,33.0,15.0,6,7,1
2016,4,2016_04_OAK_BAL,REG,BAL,OAK,27.0,28.0,-1.0,7,7,0
2016,4,2016_04_DET_CHI,REG,CHI,DET,17.0,14.0,3.0,7,7,1
2016,4,2016_04_TEN_HOU,REG,HOU,TEN,27.0,20.0,7.0,10,7,1
2016,4,2016_04_BUF_NE,REG,NE,BUF,0.0,16.0,-16.0,10,7,1
2016,4,2016_04_SEA_NYJ,REG,NYJ,SEA,17.0,27.0,-10.0,7,7,0
2016,4,2016_04_CLE_WAS,REG,WAS,CLE,31.0,20.0,11.0,7,7,0
2016,4,2016_04_DEN_TB,REG,TB,DEN,7.0,27.0,-20.0,7,7,0
2016,4,2016_04_LA_ARI,REG,ARI,LA,13.0,17.0,-4.0,7,7,1
2016,4,2016_04_NO_SD,REG,SD,NO,34.0,35.0,-1.0,7,6,0
2016,4,2016_04_DAL_SF,REG,SF,DAL,17.0,24.0,-7.0,7,7,0
2016,4,2016_04_KC_PIT,REG,PIT,KC,43.0,14.0,29.0,7,7,0
2016,4,2016_04_NYG_MIN,REG,MIN,NYG,24.0,10.0,14.0,8,8,0
2016,5,2016_05_ARI_SF,REG,SF,ARI,21.0,33.0,-12.0,4,4,1
2016,5,2016_05_WAS_BAL,REG,BAL,WAS,10.0,16.0,-6.0,7,7,0
2016,5,2016_05_NE_CLE,REG,CLE,NE,13.0,33.0,-20.0,7,7,0
2016,5,2016_05_PHI_DET,REG,DET,PHI,24.0,23.0,1.0,7,14,0
2016,5,2016_05_CHI_IND,REG,IND,CHI,29.0,23.0,6.0,7,7,0
2016,5,2016_05_TEN_MIA,REG,MIA,TEN,17.0,30.0,-13.0,10,7,0
2016,5,2016_05_HOU_MIN,REG,MIN,HOU,31.0,13.0,18.0,6,7,0
2016,5,2016_05_NYJ_PIT,REG,PIT,NYJ,31.0,13.0,18.0,7,7,0
2016,5,2016_05_ATL_DEN,REG,DEN,ATL,16.0,23.0,-7.0,7,7,0
2016,5,2016_05_CIN_DAL,REG,DAL,CIN,28.0,14.0,14.0,7,10,0
2016,5,2016_05_BUF_LA,REG,LA,BUF,19.0,30.0,-11.0,7,7,0
2016,5,2016_05_SD_OAK,REG,OAK,SD,34.0,31.0,3.0,7,7,1
2016,5,2016_05_NYG_GB,REG,GB,NYG,23.0,16.0,7.0,14,6,0
2016,5,2016_05_TB_CAR,REG,CAR,TB,14.0,17.0,-3.0,8,8,1
2016,6,2016_06_DEN_SD,REG,SD,DEN,21.0,13.0,8.0,4,4,1
2016,6,2016_06_SF_BUF,REG,BUF,SF,45.0,16.0,29.0,7,10,0
2016,6,2016_06_JAX_CHI,REG,CHI,JAX,16.0,17.0,-1.0,7,14,0
2016,6,2016_06_LA_DET,REG,DET,LA,31.0,28.0,3.0,7,7,0
2016,6,2016_06_PIT_MIA,REG,MIA,PIT,30.0,15.0,15.0,7,7,0
2016,6,2016_06_CIN_NE,REG,NE,CIN,35.0,17.0,18.0,7,7,0
2016,6,2016_06_CAR_NO,REG,NO,CAR,41.0,38.0,3.0,14,6,1
2016,6,2016_06_BAL_NYG,REG,NYG,BAL,27.0,23.0,4.0,7,7,0
2016,6,2016_06_CLE_TEN,REG,TEN,CLE,28.0,26.0,2.0,7,7,0
2016,6,2016_06_PHI_WAS,REG,WAS,PHI,27.0,20.0,7.0,7,7,1
2016,6,2016_06_KC_OAK,REG,OAK,KC,10.0,26.0,-16.0,7,14,1
2016,6,2016_06_DAL_GB,REG,GB,DAL,16.0,30.0,-14.0,7,7,0
2016,6,2016_06_ATL_SEA,REG,SEA,ATL,26.0,24.0,2.0,14,7,0
2016,6,2016_06_IND_HOU,REG,HOU,IND,26.0,23.0,3.0,7,7,1
2016,6,2016_06_NYJ_ARI,REG,ARI,NYJ,28.0,3.0,25.0,11,8,0
2016,7,2016_07_CHI_GB,REG,GB,CHI,26.0,10.0,16.0,4,4,1
2016,7,2016_07_NYG_LA,REG,LA,NYG,10.0,17.0,-7.0,7,7,0
2016,7,2016_07_CLE_CIN,REG,CIN,CLE,31.0,17.0,14.0,7,7,1
2016,7,2016_07_WAS_DET,REG,DET,WAS,20.0,17.0,3.0,7,7,0
2016,7,2016_07_OAK_JAX,REG,JAX,OAK,16.0,33.0,-17.0,7,7,0
2016,7,2016_07_NO_KC,REG,KC,NO,27.0,21.0,6.0,7,7,0
2016,7,2016_07_BUF_MIA,REG,MIA,BUF,28.0,25.0,3.0,7,7,1
2016,7,2016_07_BAL_NYJ,REG,NYJ,BAL,24.0,16.0,8.0,6,7,0
2016,7,2016_07_MIN_PHI,REG,PHI,MIN,21.0,10.0,11.0,7,14,0
2016,7,2016_07_IND_TEN,REG,TEN,IND,26.0,34.0,-8.0,7,7,1
2016,7,2016_07_SD_ATL,REG,ATL,SD,30.0,33.0,-3.0,7,10,0
2016,7,2016_07_TB_SF,REG,SF,TB,17.0,34.0,-17.0,7,13,0
2016,7,2016_07_NE_PIT,REG,PIT,NE,16.0,27.0,-11.0,7,7,0
2016,7,2016_07_SEA_ARI,REG,ARI,SEA,6.0,6.0,0.0,6,7,1
2016,7,2016_07_HOU_DEN,REG,DEN,HOU,27.0,9.0,18.0,11,8,0
2016,8,2016_08_JAX_TEN,REG,TEN,JAX,36.0,22.0,14.0,4,4,1
2016,8,2016_08_WAS_CIN,REG,CIN,WAS,27.0,27.0,0.0,7,7,0
2016,8,2016_08_NE_BUF,REG,BUF,NE,25.0,41.0,-16.0,7,7,1
2016,8,2016_08_ARI_CAR,REG,CAR,ARI,30.0,20.0,10.0,14,7,0
2016,8,2016_08_NYJ_CLE,REG,CLE,NYJ,28.0,31.0,-3.0,7,7,0
2016,8,2016_08_DET_HOU,REG,HOU,DET,20.0,13.0,7.0,6,7,0
2016,8,2016_08_KC_IND,REG,IND,KC,14.0,30.0,-16.0,7,7,0
2016,8,2016_08_SEA_NO,REG,NO,SEA,25.0,20.0,5.0,7,7,0
2016,8,2016_08_OAK_TB,REG,TB,OAK,24.0,30.0,-6.0,7,7,0
2016,8,2016_08_SD_DEN,REG,DEN,SD,27.0,19.0,8.0,6,7,1
2016,8,2016_08_GB_ATL,REG,ATL,GB,33.0,32.0,1.0,7,10,0
2016,8,2016_08_PHI_DAL,REG,DAL,PHI,29.0,23.0,6.0,14,7,1
2016,8,2016_08_MIN_CHI,REG,CHI,MIN,20.0,10.0,10.0,11,8,1
2016,9,2016_09_ATL_TB,REG,TB,ATL,28.0,43.0,-15.0,4,4,1
2016,9,2016_09_PIT_BAL,REG,BAL,PIT,21.0,14.0,7.0,14,14,1
2016,9,2016_09_DAL_CLE,REG,CLE,DAL,10.0,35.0,-25.0,7,7,0
2016,9,2016_09_JAX_KC,REG,KC,JAX,19.0,14.0,5.0,7,10,0
2016,9,2016_09_NYJ_MIA,REG,MIA,NYJ,27.0,23.0,4.0,14,7,1
2016,9,2016_09_DET_MIN,REG,MIN,DET,16.0,22.0,-6.0,6,7,1
2016,9,2016_09_PHI_NYG,REG,NYG,PHI,28.0,23.0,5.0,14,7,1
2016,9,2016_09_CAR_LA,REG,LA,CAR,10.0,13.0,-3.0,14,7,0
2016,9,2016_09_NO_SF,REG,SF,NO,23.0,41.0,-18.0,14,7,0
2016,9,2016_09_IND_GB,REG,GB,IND,26.0,31.0,-5.0,7,7,0
2016,9,2016_09_TEN_SD,REG,SD,TEN,43.0,35.0,8.0,7,10,0
2016,9,2016_09_DEN_OAK,REG,OAK,DEN,30.0,20.0,10.0,7,7,1
2016,9,2016_09_BUF_SEA,REG,SEA,BUF,31.0,25.0,6.0,8,8,0
2016,10,2016_10_CLE_BAL,REG,BAL,CLE,28.0,7.0,21.0,4,4,1
2016,10,2016_10_KC_CAR,REG,CAR,KC,17.0,20.0,-3.0,7,7,0
2016,10,2016_10_HOU_JAX,REG,JAX,HOU,21.0,24.0,-3.0,7,14,1
2016,10,2016_10_DEN_NO,REG,NO,DEN,23.0,25.0,-2.0,7,7,0
2016,10,2016_10_LA_NYJ,REG,NYJ,LA,6.0,9.0,-3.0,7,7,0
2016,10,2016_10_ATL_PHI,REG,PHI,ATL,24.0,15.0,9.0,7,10,0
2016,10,2016_10_CHI_TB,REG,TB,CHI,36.0,10.0,26.0,10,13,0
2016,10,2016_10_GB_TEN,REG,TEN,GB,47.0,25.0,22.0,7,7,0
2016,10,2016_10_MIN_WAS,REG,WAS,MIN,26.0,20.0,6.0,14,7,0
2016,10,2016_10_MIA_SD,REG,SD,MIA,24.0,31.0,-7.0,7,7,0
2016,10,2016_10_SF_ARI,REG,ARI,SF,23.0,20.0,3.0,14,7,1
2016,10,2016_10_DAL_PIT,REG,PIT,DAL,30.0,35.0,-5.0,7,7,0
2016,10,2016_10_SEA_NE,REG,NE,SEA,24.0,31.0,-7.0,14,6,0
2016,10,2016_10_CIN_NYG,REG,NYG,CIN,21.0,20.0,1.0,8,15,0
2016,11,2016_11_NO_CAR,REG,CAR,NO,23.0,20.0,3.0,4,4,1
2016,11,2016_11_BUF_CIN,REG,CIN,BUF,12.0,16.0,-4.0,6,13,0
2016,11,2016_11_PIT_CLE,REG,CLE,PIT,9.0,24.0,-15.0,10,7,1
2016,11,2016_11_BAL_DAL,REG,DAL,BAL,27.0,17.0,10.0,7,10,0
2016,11,2016_11_JAX_DET,REG,DET,JAX,26.0,19.0,7.0,14,7,0
2016,11,2016_11_TEN_IND,REG,IND,TEN,24.0,17.0,7.0,14,7,1
2016,11,2016_11_TB_KC,REG,KC,TB,17.0,19.0,-2.0,7,7,0
2016,11,2016_11_ARI_MIN,REG,MIN,ARI,30.0,24.0,6.0,7,7,0
2016,11,2016_11_CHI_NYG,REG,NYG,CHI,22.0,16.0,6.0,6,7,0
2016,11,2016_11_MIA_LA,REG,LA,MIA,10.0,14.0,-4.0,7,7,0
2016,11,2016_11_PHI_SEA,REG,SEA,PHI,26.0,15.0,11.0,7,7,0
2016,11,2016_11_NE_SF,REG,SF,NE,17.0,30.0,-13.0,7,7,0
2016,11,2016_11_GB_WAS,REG,WAS,GB,42.0,24.0,18.0,7,7,0
2016,11,2016_11_HOU_OAK,REG,OAK,HOU,27.0,20.0,7.0,15,8,0
2016,12,2016_12_MIN_DET,REG,DET,MIN,16.0,13.0,3.0,4,4,1
2016,12,2016_12_WAS_DAL,REG,DAL,WAS,31.0,26.0,5.0,4,4,1
2016,12,2016_12_PIT_IND,REG,IND,PIT,7.0,28.0,-21.0,4,4,0
2016,12,2016_12_ARI_ATL,REG,ATL,ARI,38.0,19.0,19.0,14,7,0
2016,12,2016_12_CIN_BAL,REG,BAL,CIN,19.0,14.0,5.0,7,7,1
2016,12,2016_12_JAX_BUF,REG,BUF,JAX,28.0,21.0,7.0,7,7,0
2016,12,2016_12_TEN_CHI,REG,CHI,TEN,21.0,27.0,-6.0,7,7,0
2016,12,2016_12_NYG_CLE,REG,CLE,NYG,13.0,27.0,-14.0,7,7,0
2016,12,2016_12_SD_HOU,REG,HOU,SD,13.0,21.0,-8.0,6,14,0
2016,12,2016_12_SF_MIA,REG,MIA,SF,31.0,24.0,7.0,7,7,0
2016,12,2016_12_LA_NO,REG,NO,LA,49.0,21.0,28.0,10,7,0
2016,12,2016_12_SEA_TB,REG,TB,SEA,14.0,5.0,9.0,7,7,0
2016,12,2016_12_NE_NYJ,REG,NYJ,NE,17.0,22.0,-5.0,14,7,1
2016,12,2016_12_CAR_OAK,REG,OAK,CAR,35.0,32.0,3.0,6,10,0
2016,12,2016_12_KC_DEN,REG,DEN,KC,27.0,30.0,-3.0,14,7,1
2016,12,2016_12_GB_PHI,REG,PHI,GB,13.0,27.0,-14.0,8,8,0
2016,13,2016_13_DAL_MIN,REG,MIN,DAL,15.0,17.0,-2.0,7,7,0
2016,13,2016_13_KC_ATL,REG,ATL,KC,28.0,29.0,-1.0,7,7,0
2016,13,2016_13_MIA_BAL,REG,BAL,MIA,38.0,6.0,32.0,7,7,0
2016,13,2016_13_SF_CHI,REG,CHI,SF,26.0,6.0,20.0,7,7,0
2016,13,2016_13_PHI_CIN,REG,CIN,PHI,32.0,14.0,18.0,7,6,0
2016,13,2016_13_HOU_GB,REG,GB,HOU,21.0,13.0,8.0,6,7,0
2016,13,2016_13_DEN_JAX,REG,JAX,DEN,10.0,20.0,-10.0,7,7,0
2016,13,2016_13_LA_NE,REG,NE,LA,26.0,10.0,16.0,7,7,0
2016,13,2016_13_DET_NO,REG,NO,DET,13.0,28.0,-15.0,7,10,0
2016,13,2016_13_BUF_OAK,REG,OAK,BUF,38.0,24.0,14.0,7,7,0
2016,13,2016_13_WAS_ARI,REG,ARI,WAS,31.0,23.0,8.0,7,10,0
2016,13,2016_13_NYG_PIT,REG,PIT,NYG,24.0,14.0,10.0,10,7,0
2016,13,2016_13_TB_SD,REG,SD,TB,21.0,28.0,-7.0,7,7,0
2016,13,2016_13_CAR_SEA,REG,SEA,CAR,40.0,7.0,33.0,7,7,0
2016,13,2016_13_IND_NYJ,REG,NYJ,IND,10.0,41.0,-31.0,8,11,0
2016,14,2016_14_OAK_KC,REG,KC,OAK,21.0,13.0,8.0,4,4,1
2016,14,2016_14_PIT_BUF,REG,BUF,PIT,20.0,27.0,-7.0,7,7,0
2016,14,2016_14_SD_CAR,REG,CAR,SD,28.0,16.0,12.0,7,7,0
2016,14,2016_14_CIN_CLE,REG,CLE,CIN,10.0,23.0,-13.0,14,7,1
2016,14,2016_14_CHI_DET,REG,DET,CHI,20.0,17.0,3.0,7,7,1
2016,14,2016_14_HOU_IND,REG,IND,HOU,17.0,22.0,-5.0,6,7,1
2016,14,2016_14_MIN_JAX,REG,JAX,MIN,16.0,25.0,-9.0,7,10,0
2016,14,2016_14_ARI_MIA,REG,MIA,ARI,26.0,23.0,3.0,7,7,0
2016,14,2016_14_WAS_PHI,REG,PHI,WAS,22.0,27.0,-5.0,7,7,1
2016,14,2016_14_DEN_TEN,REG,TEN,DEN,13.0,10.0,3.0,14,7,0
2016,14,2016_14_NYJ_SF,REG,SF,NYJ,17.0,23.0,-6.0,7,6,0
2016,14,2016_14_SEA_GB,REG,GB,SEA,38.0,10.0,28.0,7,7,0
2016,14,2016_14_ATL_LA,REG,LA,ATL,14.0,42.0,-28.0,7,7,0
2016,14,2016_14_NO_TB,REG,TB,NO,16.0,11.0,5.0,7,7,1
2016,14,2016_14_DAL_NYG,REG,NYG,DAL,10.0,7.0,3.0,7,10,1
2016,14,2016_14_BAL_NE,REG,NE,BAL,30.0,23.0,7.0,8,8,0
2016,15,2016_15_LA_SEA,REG,SEA,LA,24.0,3.0,21.0,4,4,1
2016,15,2016_15_MIA_NYJ,REG,NYJ,MIA,13.0,34.0,-21.0,6,6,1
2016,15,2016_15_PHI_BAL,REG,BAL,PHI,27.0,26.0,1.0,6,7,0
2016,15,2016_15_CLE_BUF,REG,BUF,CLE,33.0,13.0,20.0,7,7,0
2016,15,2016_15_GB_CHI,REG,CHI,GB,27.0,30.0,-3.0,7,7,1
2016,15,2016_15_PIT_CIN,REG,CIN,PIT,20.0,24.0,-4.0,7,7,1
2016,15,2016_15_JAX_HOU,REG,HOU,JAX,21.0,20.0,1.0,7,7,1
2016,15,2016_15_TEN_KC,REG,KC,TEN,17.0,19.0,-2.0,10,7,0
2016,15,2016_15_IND_MIN,REG,MIN,IND,6.0,34.0,-28.0,7,7,0
2016,15,2016_15_DET_NYG,REG,NYG,DET,17.0,6.0,11.0,7,7,0
2016,15,2016_15_NO_ARI,REG,ARI,NO,41.0,48.0,-7.0,7,7,0
2016,15,2016_15_SF_ATL,REG,ATL,SF,41.0,13.0,28.0,7,7,0
2016,15,2016_15_NE_DEN,REG,DEN,NE,3.0,16.0,-13.0,7,6,0
2016,15,2016_15_OAK_SD,REG,SD,OAK,16.0,19.0,-3.0,7,10,1
2016,15,2016_15_TB_DAL,REG,DAL,TB,26.0,20.0,6.0,7,7,0
2016,15,2016_15_CAR_WAS,REG,WAS,CAR,15.0,26.0,-11.0,8,8,0
2016,16,2016_16_NYG_PHI,REG,PHI,NYG,24.0,19.0,5.0,4,4,1
2016,16,2016_16_MIA_BUF,REG,BUF,MIA,31.0,34.0,-3.0,6,7,1
2016,16,2016_16_ATL_CAR,REG,CAR,ATL,16.0,33.0,-17.0,5,6,1
2016,16,2016_16_WAS_CHI,REG,CHI,WAS,21.0,41.0,-20.0,6,5,0
2016,16,2016_16_SD_CLE,REG,CLE,SD,20.0,17.0,3.0,6,6,0
2016,16,2016_16_MIN_GB,REG,GB,MIN,38.0,25.0,13.0,6,6,1
2016,16,2016_16_TEN_JAX,REG,JAX,TEN,38.0,17.0,21.0,6,6,1
2016,16,2016_16_NYJ_NE,REG,NE,NYJ,41.0,3.0,38.0,6,7,1
2016,16,2016_16_IND_OAK,REG,OAK,IND,33.0,25.0,8.0,6,6,0
2016,16,2016_16_SF_LA,REG,LA,SF,21.0,22.0,-1.0,9,6,1
2016,16,2016_16_TB_NO,REG,NO,TB,31.0,24.0,7.0,6,6,1
2016,16,2016_16_ARI_SEA,REG,SEA,ARI,31.0,34.0,-3.0,9,6,1
2016,16,2016_16_CIN_HOU,REG,HOU,CIN,12.0,10.0,2.0,6,6,0
2016,16,2016_16_BAL_PIT,REG,PIT,BAL,31.0,27.0,4.0,7,7,1
2016,16,2016_16_DEN_KC,REG,KC,DEN,33.0,10.0,23.0,7,7,1
2016,16,2016_16_DET_DAL,REG,DAL,DET,42.0,21.0,21.0,8,8,0
2016,17,2016_17_BAL_CIN,REG,CIN,BAL,27.0,10.0,17.0,8,7,1
2016,17,2016_17_JAX_IND,REG,IND,JAX,24.0,20.0,4.0,8,8,1
2016,17,2016_17_NE_MIA,REG,MIA,NE,14.0,35.0,-21.0,8,8,1
2016,17,2016_17_CHI_MIN,REG,MIN,CHI,38.0,10.0,28.0,8,8,1
2016,17,2016_17_BUF_NYJ,REG,NYJ,BUF,30.0,10.0,20.0,8,8,1
2016,17,2016_17_DAL_PHI,REG,PHI,DAL,27.0,13.0,14.0,10,6,1
2016,17,2016_17_CLE_PIT,REG,PIT,CLE,27.0,24.0,3.0,7,8,1
2016,17,2016_17_CAR_TB,REG,TB,CAR,17.0,16.0,1.0,8,8,1
2016,17,2016_17_HOU_TEN,REG,TEN,HOU,24.0,17.0,7.0,8,8,1
2016,17,2016_17_NO_ATL,REG,ATL,NO,38.0,32.0,6.0,8,8,1
2016,17,2016_17_OAK_DEN,REG,DEN,OAK,24.0,6.0,18.0,7,8,1
2016,17,2016_17_ARI_LA,REG,LA,ARI,6.0,44.0,-38.0,8,8,1
2016,17,2016_17_KC_SD,REG,SD,KC,27.0,37.0,-10.0,8,7,1
2016,17,2016_17_SEA_SF,REG,SF,SEA,23.0,25.0,-2.0,8,8,1
2016,17,2016_17_NYG_WAS,REG,WAS,NYG,10.0,19.0,-9.0,8,10,1
2016,17,2016_17_GB_DET,REG,DET,GB,24.0,31.0,-7.0,6,8,1
2017,1,2017_01_KC_NE,REG,NE,KC,27.0,42.0,-15.0,7,7,0
2017,1,2017_01_NYJ_BUF,REG,BUF,NYJ,21.0,12.0,9.0,7,7,1
2017,1,2017_01_ATL_CHI,REG,CHI,ATL,17.0,23.0,-6.0,7,7,0
2017,1,2017_01_BAL_CIN,REG,CIN,BAL,0.0,20.0,-20.0,7,7,1
2017,1,2017_01_PIT_CLE,REG,CLE,PIT,18.0,21.0,-3.0,7,7,1
2017,1,2017_01_ARI_DET,REG,DET,ARI,35.0,23.0,12.0,7,7,0
2017,1,2017_01_JAX_HOU,REG,HOU,JAX,7.0,29.0,-22.0,7,7,1
2017,1,2017_01_OAK_TEN,REG,TEN,OAK,16.0,26.0,-10.0,7,7,0
2017,1,2017_01_PHI_WAS,REG,WAS,PHI,17.0,30.0,-13.0,7,7,1
2017,1,2017_01_IND_LA,REG,LA,IND,46.0,9.0,37.0,7,7,0
2017,1,2017_01_SEA_GB,REG,GB,SEA,17.0,9.0,8.0,7,7,0
2017,1,2017_01_CAR_SF,REG,SF,CAR,3.0,23.0,-20.0,7,7,0
2017,1,2017_01_NYG_DAL,REG,DAL,NYG,19.0,3.0,16.0,7,7,1
2017,1,2017_01_NO_MIN,REG,MIN,NO,29.0,19.0,10.0,7,7,0
2017,1,2017_01_LAC_DEN,REG,DEN,LAC,24.0,21.0,3.0,7,7,1
2017,2,2017_02_HOU_CIN,REG,CIN,HOU,9.0,13.0,-4.0,4,4,0
2017,2,2017_02_CLE_BAL,REG,BAL,CLE,24.0,10.0,14.0,7,7,1
2017,2,2017_02_BUF_CAR,REG,CAR,BUF,9.0,3.0,6.0,7,7,0
2017,2,2017_02_ARI_IND,REG,IND,ARI,13.0,16.0,-3.0,7,7,0
2017,2,2017_02_TEN_JAX,REG,JAX,TEN,16.0,37.0,-21.0,7,7,1
2017,2,2017_02_PHI_KC,REG,KC,PHI,27.0,20.0,7.0,10,7,0
2017,2,2017_02_NE_NO,REG,NO,NE,20.0,36.0,-16.0,6,10,0
2017,2,2017_02_MIN_PIT,REG,PIT,MIN,26.0,9.0,17.0,7,6,0
2017,2,2017_02_CHI_TB,REG,TB,CHI,29.0,7.0,22.0,14,7,0
2017,2,2017_02_MIA_LAC,REG,LAC,MIA,17.0,19.0,-2.0,6,14,0
2017,2,2017_02_NYJ_OAK,REG,OAK,NYJ,45.0,20.0,25.0,7,7,0
2017,2,2017_02_DAL_DEN,REG,DEN,DAL,42.0,17.0,25.0,6,7,0
2017,2,2017_02_WAS_LA,REG,LA,WAS,20.0,27.0,-7.0,7,7,0
2017,2,2017_02_SF_SEA,REG,SEA,SF,12.0,9.0,3.0,7,7,1
2017,2,2017_02_GB_ATL,REG,ATL,GB,34.0,23.0,11.0,7,7,0
2017,2,2017_02_DET_NYG,REG,NYG,DET,10.0,24.0,-14.0,8,8,0
2017,3,2017_03_LA_SF,REG,SF,LA,39.0,41.0,-2.0,4,4,1
2017,3,2017_03_DEN_BUF,REG,BUF,DEN,26.0,16.0,10.0,7,7,0
2017,3,2017_03_NO_CAR,REG,CAR,NO,13.0,34.0,-21.0,7,7,1
2017,3,2017_03_PIT_CHI,REG,CHI,PIT,23.0,17.0,6.0,7,7,0
2017,3,2017_03_ATL_DET,REG,DET,ATL,26.0,30.0,-4.0,6,7,0
2017,3,2017_03_CLE_IND,REG,IND,CLE,31.0,28.0,3.0,7,7,0
2017,3,2017_03_TB_MIN,REG,MIN,TB,34.0,17.0,17.0,7,7,0
2017,3,2017_03_HOU_NE,REG,NE,HOU,36.0,33.0,3.0,7,10,0
2017,3,2017_03_MIA_NYJ,REG,NYJ,MIA,20.0,6.0,14.0,7,7,1
2017,3,2017_03_NYG_PHI,REG,PHI,NYG,27.0,24.0,3.0,7,6,1
2017,3,2017_03_SEA_TEN,REG,TEN,SEA,33.0,27.0,6.0,7,7,0
2017,3,2017_03_CIN_GB,REG,GB,CIN,27.0,24.0,3.0,7,10,0
2017,3,2017_03_KC_LAC,REG,LAC,KC,10.0,24.0,-14.0,7,7,1
2017,3,2017_03_OAK_WAS,REG,WAS,OAK,27.0,10.0,17.0,7,7,0
2017,3,2017_03_BAL_JAX,REG,JAX,BAL,44.0,7.0,37.0,7,7,0
2017,3,2017_03_DAL_ARI,REG,ARI,DAL,17.0,28.0,-11.0,8,8,0
2017,4,2017_04_CHI_GB,REG,GB,CHI,35.0,14.0,21.0,4,4,1
2017,4,2017_04_BUF_ATL,REG,ATL,BUF,17.0,23.0,-6.0,7,7,0
2017,4,2017_04_PIT_BAL,REG,BAL,PIT,9.0,26.0,-17.0,7,7,1
2017,4,2017_04_CIN_CLE,REG,CLE,CIN,7.0,31.0,-24.0,7,7,1
2017,4,2017_04_LA_DAL,REG,DAL,LA,30.0,35.0,-5.0,6,10,0
2017,4,2017_04_TEN_HOU,REG,HOU,TEN,57.0,14.0,43.0,7,7,1
2017,4,2017_04_DET_MIN,REG,MIN,DET,7.0,14.0,-7.0,7,7,1
2017,4,2017_04_CAR_NE,REG,NE,CAR,30.0,33.0,-3.0,7,7,0
2017,4,2017_04_JAX_NYJ,REG,NYJ,JAX,23.0,20.0,3.0,7,7,0
2017,4,2017_04_SF_ARI,REG,ARI,SF,18.0,15.0,3.0,6,10,1
2017,4,2017_04_PHI_LAC,REG,LAC,PHI,24.0,26.0,-2.0,7,7,0
2017,4,2017_04_NYG_TB,REG,TB,NYG,25.0,23.0,2.0,7,7,0
2017,4,2017_04_OAK_DEN,REG,DEN,OAK,16.0,10.0,6.0,7,7,1
2017,4,2017_04_IND_SEA,REG,SEA,IND,46.0,18.0,28.0,7,7,0
2017,4,2017_04_NO_MIA,REG,MIA,NO,0.0,20.0,-20.0,7,7,0
2017,4,2017_04_WAS_KC,REG,KC,WAS,29.0,20.0,9.0,8,8,0
2017,5,2017_05_NE_TB,REG,TB,NE,14.0,19.0,-5.0,4,4,0
2017,5,2017_05_BUF_CIN,REG,CIN,BUF,20.0,16.0,4.0,7,7,0
2017,5,2017_05_NYJ_CLE,REG,CLE,NYJ,14.0,17.0,-3.0,7,7,0
2017,5,2017_05_CAR_DET,REG,DET,CAR,24.0,27.0,-3.0,7,7,0
2017,5,2017_05_SF_IND,REG,IND,SF,26.0,23.0,3.0,7,7,0
2017,5,2017_05_TEN_MIA,REG,MIA,TEN,16.0,10.0,6.0,7,7,0
2017,5,2017_05_LAC_NYG,REG,NYG,LAC,22.0,27.0,-5.0,7,7,0
2017,5,2017_05_ARI_PHI,REG,PHI,ARI,34.0,7.0,27.0,7,7,0
2017,5,2017_05_JAX_PIT,REG,PIT,JAX,9.0,30.0,-21.0,7,7,0
2017,5,2017_05_SEA_LA,REG,LA,SEA,10.0,16.0,-6.0,7,7,1
2017,5,2017_05_BAL_OAK,REG,OAK,BAL,17.0,30.0,-13.0,7,7,0
2017,5,2017_05_GB_DAL,REG,DAL,GB,31.0,35.0,-4.0,7,10,0
2017,5,2017_05_KC_HOU,REG,HOU,KC,34.0,42.0,-8.0,7,6,0
2017,5,2017_05_MIN_CHI,REG,CHI,MIN,17.0,20.0,-3.0,11,8,1
2017,6,2017_06_PHI_CAR,REG,CAR,PHI,23.0,28.0,-5.0,4,4,0
2017,6,2017_06_MIA_ATL,REG,ATL,MIA,17.0,20.0,-3.0,14,7,0
2017,6,2017_06_CHI_BAL,REG,BAL,CHI,24.0,27.0,-3.0,7,6,0
2017,6,2017_06_CLE_HOU,REG,HOU,CLE,33.0,17.0,16.0,7,7,0
2017,6,2017_06_GB_MIN,REG,MIN,GB,23.0,10.0,13.0,6,7,1
2017,6,2017_06_DET_NO,REG,NO,DET,52.0,38.0,14.0,14,7,0
2017,6,2017_06_NE_NYJ,REG,NYJ,NE,17.0,24.0,-7.0,7,10,1
2017,6,2017_06_SF_WAS,REG,WAS,SF,26.0,24.0,2.0,13,7,0
2017,6,2017_06_TB_ARI,REG,ARI,TB,38.0,33.0,5.0,7,10,0
2017,6,2017_06_LA_JAX,REG,JAX,LA,17.0,27.0,-10.0,7,7,0
2017,6,2017_06_PIT_KC,REG,KC,PIT,13.0,19.0,-6.0,7,7,0
2017,6,2017_06_LAC_OAK,REG,OAK,LAC,16.0,17.0,-1.0,7,7,1
2017,6,2017_06_NYG_DEN,REG,DEN,NYG,10.0,23.0,-13.0,14,7,0
2017,6,2017_06_IND_TEN,REG,TEN,IND,36.0,22.0,14.0,8,8,1
2017,7,2017_07_KC_OAK,REG,OAK,KC,31.0,30.0,1.0,4,4,1
2017,7,2017_07_TB_BUF,REG,BUF,TB,30.0,27.0,3.0,14,7,0
2017,7,2017_07_CAR_CHI,REG,CHI,CAR,17.0,3.0,14.0,7,10,0
2017,7,2017_07_TEN_CLE,REG,CLE,TEN,9.0,12.0,-3.0,7,6,0
2017,7,2017_07_NO_GB,REG,GB,NO,17.0,26.0,-9.0,7,7,0
2017,7,2017_07_JAX_IND,REG,IND,JAX,0.0,27.0,-27.0,6,7,1
2017,7,2017_07_ARI_LA,REG,LA,ARI,33.0,0.0,33.0,7,7,1
2017,7,2017_07_NYJ_MIA,REG,MIA,NYJ,31.0,28.0,3.0,7,7,1
2017,7,2017_07_BAL_MIN,REG,MIN,BAL,24.0,16.0,8.0,7,7,0
2017,7,2017_07_DAL_SF,REG,SF,DAL,10.0,40.0,-30.0,7,14,0
2017,7,2017_07_DEN_LAC,REG,LAC,DEN,21.0,0.0,21.0,7,7,1
2017,7,2017_07_SEA_NYG,REG,NYG,SEA,7.0,24.0,-17.0,7,14,0
2017,7,2017_07_CIN_PIT,REG,PIT,CIN,29.0,14.0,15.0,7,14,1
2017,7,2017_07_ATL_NE,REG,NE,ATL,23.0,7.0,16.0,7,7,0
2017,7,2017_07_WAS_PHI,REG,PHI,WAS,34.0,24.0,10.0,11,8,1
2017,8,2017_08_MIA_BAL,REG,BAL,MIA,40.0,0.0,40.0,4,4,0
2017,8,2017_08_OAK_BUF,REG,BUF,OAK,34.0,14.0,20.0,7,10,0
2017,8,2017_08_IND_CIN,REG,CIN,IND,24.0,23.0,1.0,7,7,0
2017,8,2017_08_LAC_NE,REG,NE,LAC,21.0,13.0,8.0,7,7,0
2017,8,2017_08_CHI_NO,REG,NO,CHI,20.0,12.0,8.0,7,7,0
2017,8,2017_08_ATL_NYJ,REG,NYJ,ATL,20.0,25.0,-5.0,7,7,0
2017,8,2017_08_SF_PHI,REG,PHI,SF,33.0,10.0,23.0,6,7,0
2017,8,2017_08_CAR_TB,REG,TB,CAR,3.0,17.0,-14.0,7,7,1
2017,8,2017_08_HOU_SEA,REG,SEA,HOU,41.0,38.0,3.0,7,14,0
2017,8,2017_08_DAL_WAS,REG,WAS,DAL,19.0,33.0,-14.0,6,7,1
2017,8,2017_08_PIT_DET,REG,DET,PIT,15.0,20.0,-5.0,14,7,0
2017,8,2017_08_MIN_CLE,REG,CLE,MIN,16.0,33.0,-17.0,7,7,0
2017,8,2017_08_DEN_KC,REG,KC,DEN,29.0,19.0,10.0,11,8,1
2017,9,2017_09_BUF_NYJ,REG,NYJ,BUF,34.0,21.0,13.0,4,4,1
2017,9,2017_09_ATL_CAR,REG,CAR,ATL,20.0,17.0,3.0,7,7,1
2017,9,2017_09_IND_HOU,REG,HOU,IND,14.0,20.0,-6.0,7,7,1
2017,9,2017_09_CIN_JAX,REG,JAX,CIN,23.0,7.0,16.0,14,7,0
2017,9,2017_09_TB_NO,REG,NO,TB,30.0,10.0,20.0,7,7,1
2017,9,2017_09_LA_NYG,REG,NYG,LA,17.0,51.0,-34.0,14,14,0
2017,9,2017_09_DEN_PHI,REG,PHI,DEN,51.0,23.0,28.0,7,6,0
2017,9,2017_09_BAL_TEN,REG,TEN,BAL,23.0,20.0,3.0,14,10,0
2017,9,2017_09_WAS_SEA,REG,SEA,WAS,14.0,17.0,-3.0,7,7,0
2017,9,2017_09_ARI_SF,REG,SF,ARI,10.0,20.0,-10.0,7,14,1
2017,9,2017_09_KC_DAL,REG,DAL,KC,28.0,17.0,11.0,7,6,0
2017,9,2017_09_OAK_MIA,REG,MIA,OAK,24.0,27.0,-3.0,10,7,0
2017,9,2017_09_DET_GB,REG,GB,DET,17.0,30.0,-13.0,15,8,1
2017,10,2017_10_SEA_ARI,REG,ARI,SEA,16.0,22.0,-6.0,4,4,1
2017,10,2017_10_NO_BUF,REG,BUF,NO,10.0,47.0,-37.0,10,7,0
2017,10,2017_10_GB_CHI,REG,CHI,GB,16.0,23.0,-7.0,14,6,1
2017,10,2017_10_CLE_DET,REG,DET,CLE,38.0,24.0,14.0,6,14,0
2017,10,2017_10_PIT_IND,REG,IND,PIT,17.0,20.0,-3.0,7,14,0
2017,10,2017_10_LAC_JAX,REG,JAX,LAC,20.0,17.0,3.0,7,14,0
2017,10,2017_10_NYJ_TB,REG,TB,NYJ,15.0,10.0,5.0,7,10,0
2017,10,2017_10_CIN_TEN,REG,TEN,CIN,24.0,20.0,4.0,7,7,0
2017,10,2017_10_MIN_WAS,REG,WAS,MIN,30.0,38.0,-8.0,7,14,0
2017,10,2017_10_HOU_LA,REG,LA,HOU,33.0,7.0,26.0,7,7,0
2017,10,2017_10_DAL_ATL,REG,ATL,DAL,27.0,7.0,20.0,7,7,0
2017,10,2017_10_NYG_SF,REG,SF,NYG,31.0,21.0,10.0,7,7,0
2017,10,2017_10_NE_DEN,REG,DEN,NE,16.0,41.0,-25.0,7,14,0
2017,10,2017_10_MIA_CAR,REG,CAR,MIA,45.0,21.0,24.0,8,8,0
2017,11,2017_11_TEN_PIT,REG,PIT,TEN,40.0,17.0,23.0,4,4,0
2017,11,2017_11_DET_CHI,REG,CHI,DET,24.0,27.0,-3.0,7,7,1
2017,11,2017_11_JAX_CLE,REG,CLE,JAX,7.0,19.0,-12.0,7,7,0
2017,11,2017_11_BAL_GB,REG,GB,BAL,0.0,23.0,-23.0,7,14,0
2017,11,2017_11_ARI_HOU,REG,HOU,ARI,31.0,21.0,10.0,7,10,0
2017,11,2017_11_TB_MIA,REG,MIA,TB,20.0,30.0,-10.0,6,7,0
2017,11,2017_11_LA_MIN,REG,MIN,LA,24.0,7.0,17.0,7,7,0
2017,11,2017_11_WAS_NO,REG,NO,WAS,34.0,31.0,3.0,7,7,0
2017,11,2017_11_KC_NYG,REG,NYG,KC,12.0,9.0,3.0,7,14,0
2017,11,2017_11_BUF_LAC,REG,LAC,BUF,54.0,24.0,30.0,7,7,0
2017,11,2017_11_CIN_DEN,REG,DEN,CIN,17.0,20.0,-3.0,7,7,0
2017,11,2017_11_NE_OAK,REG,OAK,NE,8.0,33.0,-25.0,14,7,0
2017,11,2017_11_PHI_DAL,REG,DAL,PHI,9.0,37.0,-28.0,7,14,1
2017,11,2017_11_ATL_SEA,REG,SEA,ATL,31.0,34.0,-3.0,11,8,0
2017,12,2017_12_MIN_DET,REG,DET,MIN,23.0,30.0,-7.0,4,4,1
2017,12,2017_12_LAC_DAL,REG,DAL,LAC,6.0,28.0,-22.0,4,4,0
2017,12,2017_12_NYG_WAS,REG,WAS,NYG,20.0,10.0,10.0,4,4,1
2017,12,2017_12_TB_ATL,REG,ATL,TB,34.0,20.0,14.0,6,7,1
2017,12,2017_12_CLE_CIN,REG,CIN,CLE,30.0,16.0,14.0,7,7,1
2017,12,2017_12_TEN_IND,REG,IND,TEN,16.0,20.0,-4.0,14,10,1
2017,12,2017_12_BUF_KC,REG,KC,BUF,10.0,16.0,-6.0,7,7,0
2017,12,2017_12_MIA_NE,REG,NE,MIA,35.0,17.0,18.0,7,7,1
2017,12,2017_12_CAR_NYJ,REG,NYJ,CAR,27.0,35.0,-8.0,14,13,0
2017,12,2017_12_CHI_PHI,REG,PHI,CHI,31.0,3.0,28.0,7,7,0
2017,12,2017_12_SEA_SF,REG,SF,SEA,13.0,24.0,-11.0,14,6,1
2017,12,2017_12_JAX_ARI,REG,ARI,JAX,27.0,24.0,3.0,7,7,0
2017,12,2017_12_NO_LA,REG,LA,NO,26.0,20.0,6.0,7,7,0
2017,12,2017_12_DEN_OAK,REG,OAK,DEN,21.0,14.0,7.0,7,7,1
2017,12,2017_12_GB_PIT,REG,PIT,GB,31.0,28.0,3.0,10,7,0
2017,12,2017_12_HOU_BAL,REG,BAL,HOU,23.0,16.0,7.0,8,8,0
2017,13,2017_13_WAS_DAL,REG,DAL,WAS,38.0,14.0,24.0,7,7,1
2017,13,2017_13_MIN_ATL,REG,ATL,MIN,9.0,14.0,-5.0,7,10,0
2017,13,2017_13_DET_BAL,REG,BAL,DET,44.0,20.0,24.0,6,10,0
2017,13,2017_13_NE_BUF,REG,BUF,NE,3.0,23.0,-20.0,7,7,1
2017,13,2017_13_SF_CHI,REG,CHI,SF,14.0,15.0,-1.0,7,7,0
2017,13,2017_13_TB_GB,REG,GB,TB,26.0,20.0,6.0,7,7,0
2017,13,2017_13_IND_JAX,REG,JAX,IND,30.0,10.0,20.0,7,7,1
2017,13,2017_13_DEN_MIA,REG,MIA,DEN,35.0,9.0,26.0,7,7,0
2017,13,2017_13_KC_NYJ,REG,NYJ,KC,38.0,31.0,7.0,7,7,0
2017,13,2017_13_HOU_TEN,REG,TEN,HOU,24.0,13.0,11.0,7,6,1
2017,13,2017_13_CLE_LAC,REG,LAC,CLE,19.0,10.0,9.0,10,7,0
2017,13,2017_13_LA_ARI,REG,ARI,LA,16.0,32.0,-16.0,7,7,1
2017,13,2017_13_CAR_NO,REG,NO,CAR,31.0,21.0,10.0,7,7,1
2017,13,2017_13_NYG_OAK,REG,OAK,NYG,24.0,17.0,7.0,7,10,0
2017,13,2017_13_PHI_SEA,REG,SEA,PHI,24.0,10.0,14.0,7,7,0
2017,13,2017_13_PIT_CIN,REG,CIN,PIT,20.0,23.0,-3.0,8,8,1
2017,14,2017_14_NO_ATL,REG,ATL,NO,20.0,17.0,3.0,4,4,1
2017,14,2017_14_IND_BUF,REG,BUF,IND,13.0,7.0,6.0,7,7,0
2017,14,2017_14_MIN_CAR,REG,CAR,MIN,31.0,24.0,7.0,7,7,0
2017,14,2017_14_CHI_CIN,REG,CIN,CHI,7.0,33.0,-26.0,6,7,0
2017,14,2017_14_GB_CLE,REG,CLE,GB,21.0,27.0,-6.0,7,7,0
2017,14,2017_14_SF_HOU,REG,HOU,SF,16.0,26.0,-10.0,7,7,0
2017,14,2017_14_OAK_KC,REG,KC,OAK,26.0,15.0,11.0,7,7,1
2017,14,2017_14_DAL_NYG,REG,NYG,DAL,10.0,30.0,-20.0,7,10,1
2017,14,2017_14_DET_TB,REG,TB,DET,21.0,24.0,-3.0,7,7,0
2017,14,2017_14_TEN_ARI,REG,ARI,TEN,12.0,7.0,5.0,7,7,0
2017,14,2017_14_NYJ_DEN,REG,DEN,NYJ,23.0,0.0,23.0,7,7,0
2017,14,2017_14_WAS_LAC,REG,LAC,WAS,30.0,13.0,17.0,7,10,0
2017,14,2017_14_SEA_JAX,REG,JAX,SEA,30.0,24.0,6.0,7,7,0
2017,14,2017_14_PHI_LA,REG,LA,PHI,35.0,43.0,-8.0,7,7,0
2017,14,2017_14_BAL_PIT,REG,PIT,BAL,39.0,38.0,1.0,6,7,1
2017,14,2017_14_NE_MIA,REG,MIA,NE,27.0,20.0,7.0,8,8,1
2017,15,2017_15_DEN_IND,REG,IND,DEN,13.0,25.0,-12.0,4,4,0
2017,15,2017_15_CHI_DET,REG,DET,CHI,20.0,10.0,10.0,6,6,1
2017,15,2017_15_LAC_KC,REG,KC,LAC,30.0,13.0,17.0,6,6,1
2017,15,2017_15_MIA_BUF,REG,BUF,MIA,24.0,16.0,8.0,7,6,1
2017,15,2017_15_GB_CAR,REG,CAR,GB,31.0,24.0,7.0,7,7,0
2017,15,2017_15_BAL_CLE,REG,CLE,BAL,10.0,27.0,-17.0,7,7,1
2017,15,2017_15_HOU_JAX,REG,JAX,HOU,45.0,7.0,38.0,7,7,1
2017,15,2017_15_CIN_MIN,REG,MIN,CIN,34.0,7.0,27.0,7,7,0
2017,15,2017_15_NYJ_NO,REG,NO,NYJ,31.0,19.0,12.0,10,7,0
2017,15,2017_15_PHI_NYG,REG,NYG,PHI,29.0,34.0,-5.0,7,7,1
2017,15,2017_15_ARI_WAS,REG,WAS,ARI,20.0,15.0,5.0,7,7,0
2017,15,2017_15_LA_SEA,REG,SEA,LA,7.0,42.0,-35.0,7,7,1
2017,15,2017_15_NE_PIT,REG,PIT,NE,24.0,27.0,-3.0,7,6,0
2017,15,2017_15_TEN_SF,REG,SF,TEN,25.0,23.0,2.0,7,7,0
2017,15,2017_15_DAL_OAK,REG,OAK,DAL,17.0,20.0,-3.0,7,7,0
2017,15,2017_15_ATL_TB,REG,TB,ATL,21.0,24.0,-3.0,8,11,1
2017,16,2017_16_IND_BAL,REG,BAL,IND,23.0,16.0,7.0,6,9,0
2017,16,2017_16_MIN_GB,REG,GB,MIN,0.0,16.0,-16.0,6,6,1
2017,16,2017_16_TB_CAR,REG,CAR,TB,22.0,19.0,3.0,7,6,1
2017,16,2017_16_CLE_CHI,REG,CHI,CLE,20.0,3.0,17.0,8,7,0
2017,16,2017_16_DET_CIN,REG,CIN,DET,26.0,17.0,9.0,7,8,0
2017,16,2017_16_MIA_KC,REG,KC,MIA,29.0,13.0,16.0,8,7,0
2017,16,2017_16_BUF_NE,REG,NE,BUF,37.0,16.0,21.0,7,7,1
2017,16,2017_16_ATL_NO,REG,NO,ATL,23.0,13.0,10.0,7,6,1
2017,16,2017_16_LAC_NYJ,REG,NYJ,LAC,7.0,14.0,-7.0,7,8,0
2017,16,2017_16_LA_TEN,REG,TEN,LA,23.0,27.0,-4.0,7,7,0
2017,16,2017_16_DEN_WAS,REG,WAS,DEN,27.0,11.0,16.0,7,10,0
2017,16,2017_16_JAX_SF,REG,SF,JAX,44.0,33.0,11.0,7,7,0
2017,16,2017_16_NYG_ARI,REG,ARI,NYG,23.0,0.0,23.0,7,7,0
2017,16,2017_16_SEA_DAL,REG,DAL,SEA,12.0,21.0,-9.0,7,7,0
2017,16,2017_16_PIT_HOU,REG,HOU,PIT,6.0,34.0,-28.0,8,8,0
2017,16,2017_16_OAK_PHI,REG,PHI,OAK,19.0,10.0,9.0,8,8,0
2017,17,2017_17_GB_DET,REG,DET,GB,35.0,11.0,24.0,7,8,1
2017,17,2017_17_HOU_IND,REG,IND,HOU,22.0,13.0,9.0,8,6,1
2017,17,2017_17_CHI_MIN,REG,MIN,CHI,23.0,10.0,13.0,8,7,1
2017,17,2017_17_NYJ_NE,REG,NE,NYJ,26.0,6.0,20.0,7,7,1
2017,17,2017_17_WAS_NYG,REG,NYG,WAS,18.0,10.0,8.0,7,7,1
2017,17,2017_17_DAL_PHI,REG,PHI,DAL,0.0,6.0,-6.0,6,7,1
2017,17,2017_17_CLE_PIT,REG,PIT,CLE,28.0,24.0,4.0,6,7,1
2017,17,2017_17_CAR_ATL,REG,ATL,CAR,22.0,10.0,12.0,7,7,1
2017,17,2017_17_CIN_BAL,REG,BAL,CIN,27.0,31.0,-4.0,8,7,1
2017,17,2017_17_KC_DEN,REG,DEN,KC,24.0,27.0,-3.0,7,7,1
2017,17,2017_17_SF_LA,REG,LA,SF,13.0,34.0,-21.0,7,7,1
2017,17,2017_17_OAK_LAC,REG,LAC,OAK,30.0,10.0,20.0,7,6,1
2017,17,2017_17_BUF_MIA,REG,MIA,BUF,16.0,22.0,-6.0,7,7,1
2017,17,2017_17_ARI_SEA,REG,SEA,ARI,24.0,26.0,-2.0,7,7,1
2017,17,2017_17_NO_TB,REG,TB,NO,31.0,24.0,7.0,7,7,1
2017,17,2017_17_JAX_TEN,REG,TEN,JAX,15.0,10.0,5.0,7,7,1
2018,1,2018_01_ATL_PHI,REG,PHI,ATL,18.0,12.0,6.0,7,7,0
2018,1,2018_01_BUF_BAL,REG,BAL,BUF,47.0,3.0,44.0,7,7,0
2018,1,2018_01_PIT_CLE,REG,CLE,PIT,21.0,21.0,0.0,7,7,1
2018,1,2018_01_CIN_IND,REG,IND,CIN,23.0,34.0,-11.0,7,7,0
2018,1,2018_01_TEN_MIA,REG,MIA,TEN,27.0,20.0,7.0,7,7,0
2018,1,2018_01_SF_MIN,REG,MIN,SF,24.0,16.0,8.0,7,7,0
2018,1,2018_01_HOU_NE,REG,NE,HOU,27.0,20.0,7.0,7,7,0
2018,1,2018_01_TB_NO,REG,NO,TB,40.0,48.0,-8.0,7,7,1
2018,1,2018_01_JAX_NYG,REG,NYG,JAX,15.0,20.0,-5.0,7,7,0
2018,1,2018_01_KC_LAC,REG,LAC,KC,28.0,38.0,-10.0,7,7,1
2018,1,2018_01_WAS_ARI,REG,ARI,WAS,6.0,24.0,-18.0,7,7,0
2018,1,2018_01_DAL_CAR,REG,CAR,DAL,16.0,8.0,8.0,7,7,0
2018,1,2018_01_SEA_DEN,REG,DEN,SEA,27.0,24.0,3.0,7,7,0
2018,1,2018_01_CHI_GB,REG,GB,CHI,24.0,23.0,1.0,7,7,1
2018,1,2018_01_NYJ_DET,REG,DET,NYJ,17.0,48.0,-31.0,7,7,0
2018,1,2018_01_LA_OAK,REG,OAK,LA,13.0,33.0,-20.0,7,7,0
2018,2,2018_02_BAL_CIN,REG,CIN,BAL,34.0,23.0,11.0,4,4,1
2018,2,2018_02_CAR_ATL,REG,ATL,CAR,31.0,24.0,7.0,10,7,1
2018,2,2018_02_LAC_BUF,REG,BUF,LAC,20.0,31.0,-11.0,7,7,0
2018,2,2018_02_MIN_GB,REG,GB,MIN,29.0,29.0,0.0,7,7,1
2018,2,2018_02_CLE_NO,REG,NO,CLE,21.0,18.0,3.0,7,7,0
2018,2,2018_02_MIA_NYJ,REG,NYJ,MIA,12.0,20.0,-8.0,6,7,1
2018,2,2018_02_KC_PIT,REG,PIT,KC,37.0,42.0,-5.0,7,7,0
2018,2,2018_02_PHI_TB,REG,TB,PHI,27.0,21.0,6.0,7,10,0
2018,2,2018_02_HOU_TEN,REG,TEN,HOU,20.0,17.0,3.0,7,7,1
2018,2,2018_02_IND_WAS,REG,WAS,IND,9.0,21.0,-12.0,7,7,0
2018,2,2018_02_ARI_LA,REG,LA,ARI,34.0,0.0,34.0,6,7,1
2018,2,2018_02_DET_SF,REG,SF,DET,30.0,27.0,3.0,7,6,0
2018,2,2018_02_OAK_DEN,REG,DEN,OAK,20.0,19.0,1.0,7,6,1
2018,2,2018_02_NE_JAX,REG,JAX,NE,31.0,20.0,11.0,7,7,0
2018,2,2018_02_NYG_DAL,REG,DAL,NYG,20.0,13.0,7.0,7,7,1
2018,2,2018_02_SEA_CHI,REG,CHI,SEA,24.0,17.0,7.0,8,8,0
2018,3,2018_03_NYJ_CLE,REG,CLE,NYJ,21.0,17.0,4.0,4,4,0
2018,3,2018_03_NO_ATL,REG,ATL,NO,37.0,43.0,-6.0,7,7,1
2018,3,2018_03_DEN_BAL,REG,BAL,DEN,27.0,14.0,13.0,10,7,0
2018,3,2018_03_CIN_CAR,REG,CAR,CIN,31.0,21.0,10.0,7,10,0
2018,3,2018_03_NYG_HOU,REG,HOU,NYG,22.0,27.0,-5.0,7,7,0
2018,3,2018_03_TEN_JAX,REG,JAX,TEN,6.0,9.0,-3.0,7,7,1
2018,3,2018_03_SF_KC,REG,KC,SF,38.0,27.0,11.0,7,7,0
2018,3,2018_03_OAK_MIA,REG,MIA,OAK,28.0,20.0,8.0,7,7,0
2018,3,2018_03_BUF_MIN,REG,MIN,BUF,6.0,27.0,-21.0,7,7,0
2018,3,2018_03_IND_PHI,REG,PHI,IND,20.0,16.0,4.0,7,7,0
2018,3,2018_03_GB_WAS,REG,WAS,GB,31.0,17.0,14.0,7,7,0
2018,3,2018_03_LAC_LA,REG,LA,LAC,35.0,23.0,12.0,7,7,0
2018,3,2018_03_CHI_ARI,REG,ARI,CHI,14.0,16.0,-2.0,7,6,0
2018,3,2018_03_DAL_SEA,REG,SEA,DAL,24.0,13.0,11.0,6,7,0
2018,3,2018_03_NE_DET,REG,DET,NE,26.0,10.0,16.0,7,7,0
2018,3,2018_03_PIT_TB,REG,TB,PIT,27.0,30.0,-3.0,8,8,0
2018,4,2018_04_MIN_LA,REG,LA,MIN,38.0,31.0,7.0,4,4,0
2018,4,2018_04_CIN_ATL,REG,ATL,CIN,36.0,37.0,-1.0,7,7,0
2018,4,2018_04_TB_CHI,REG,CHI,TB,48.0,10.0,38.0,7,6,0
2018,4,2018_04_DET_DAL,REG,DAL,DET,26.0,24.0,2.0,7,7,0
2018,4,2018_04_BUF_GB,REG,GB,BUF,22.0,0.0,22.0,7,7,0
2018,4,2018_04_HOU_IND,REG,IND,HOU,34.0,37.0,-3.0,7,7,1
2018,4,2018_04_NYJ_JAX,REG,JAX,NYJ,31.0,12.0,19.0,7,10,0
2018,4,2018_04_MIA_NE,REG,NE,MIA,38.0,7.0,31.0,7,7,1
2018,4,2018_04_PHI_TEN,REG,TEN,PHI,26.0,23.0,3.0,7,7,0
2018,4,2018_04_SEA_ARI,REG,ARI,SEA,17.0,20.0,-3.0,7,7,1
2018,4,2018_04_CLE_OAK,REG,OAK,CLE,45.0,42.0,3.0,7,10,0
2018,4,2018_04_SF_LAC,REG,LAC,SF,29.0,27.0,2.0,7,7,0
2018,4,2018_04_NO_NYG,REG,NYG,NO,18.0,33.0,-15.0,7,7,0
2018,4,2018_04_BAL_PIT,REG,PIT,BAL,14.0,26.0,-12.0,6,7,1
2018,4,2018_04_KC_DEN,REG,DEN,KC,23.0,27.0,-4.0,8,8,1
2018,5,2018_05_IND_NE,REG,NE,IND,38.0,24.0,14.0,4,4,0
2018,5,2018_05_TEN_BUF,REG,BUF,TEN,13.0,12.0,1.0,7,7,0
2018,5,2018_05_NYG_CAR,REG,CAR,NYG,33.0,31.0,2.0,14,7,0
2018,5,2018_05_MIA_CIN,REG,CIN,MIA,27.0,17.0,10.0,7,7,0
2018,5,2018_05_BAL_CLE,REG,CLE,BAL,12.0,9.0,3.0,7,7,1
2018,5,2018_05_GB_DET,REG,DET,GB,31.0,23.0,8.0,7,7,1
2018,5,2018_05_JAX_KC,REG,KC,JAX,30.0,14.0,16.0,6,7,0
2018,5,2018_05_DEN_NYJ,REG,NYJ,DEN,34.0,16.0,18.0,7,6,0
2018,5,2018_05_ATL_PIT,REG,PIT,ATL,41.0,17.0,24.0,7,7,0
2018,5,2018_05_OAK_LAC,REG,LAC,OAK,26.0,10.0,16.0,7,7,1
2018,5,2018_05_MIN_PHI,REG,PHI,MIN,21.0,23.0,-2.0,7,10,0
2018,5,2018_05_LA_SEA,REG,SEA,LA,31.0,33.0,-2.0,7,10,1
2018,5,2018_05_ARI_SF,REG,SF,ARI,18.0,28.0,-10.0,7,7,1
2018,5,2018_05_DAL_HOU,REG,HOU,DAL,19.0,16.0,3.0,7,7,0
2018,5,2018_05_WAS_NO,REG,NO,WAS,43.0,19.0,24.0,8,15,0
2018,6,2018_06_PHI_NYG,REG,NYG,PHI,13.0,34.0,-21.0,4,4,1
2018,6,2018_06_TB_ATL,REG,ATL,TB,34.0,29.0,5.0,7,14,1
2018,6,2018_06_PIT_CIN,REG,CIN,PIT,21.0,28.0,-7.0,7,7,1
2018,6,2018_06_LAC_CLE,REG,CLE,LAC,14.0,38.0,-24.0,7,7,0
2018,6,2018_06_BUF_HOU,REG,HOU,BUF,20.0,13.0,7.0,7,7,0
2018,6,2018_06_CHI_MIA,REG,MIA,CHI,31.0,28.0,3.0,7,14,0
2018,6,2018_06_ARI_MIN,REG,MIN,ARI,27.0,17.0,10.0,7,7,0
2018,6,2018_06_IND_NYJ,REG,NYJ,IND,42.0,34.0,8.0,7,10,0
2018,6,2018_06_SEA_OAK,REG,OAK,SEA,3.0,27.0,-24.0,7,7,0
2018,6,2018_06_CAR_WAS,REG,WAS,CAR,23.0,17.0,6.0,6,7,0
2018,6,2018_06_LA_DEN,REG,DEN,LA,20.0,23.0,-3.0,7,7,0
2018,6,2018_06_JAX_DAL,REG,DAL,JAX,40.0,7.0,33.0,7,7,0
2018,6,2018_06_BAL_TEN,REG,TEN,BAL,0.0,21.0,-21.0,7,7,0
2018,6,2018_06_KC_NE,REG,NE,KC,43.0,40.0,3.0,10,7,0
2018,6,2018_06_SF_GB,REG,GB,SF,33.0,30.0,3.0,8,8,0
2018,7,2018_07_DEN_ARI,REG,ARI,DEN,10.0,45.0,-35.0,4,4,0
2018,7,2018_07_NE_CHI,REG,CHI,NE,31.0,38.0,-7.0,7,7,0
2018,7,2018_07_BUF_IND,REG,IND,BUF,37.0,5.0,32.0,7,7,0
2018,7,2018_07_HOU_JAX,REG,JAX,HOU,7.0,20.0,-13.0,7,7,1
2018,7,2018_07_DET_MIA,REG,MIA,DET,21.0,32.0,-11.0,7,14,0
2018,7,2018_07_MIN_NYJ,REG,NYJ,MIN,17.0,37.0,-20.0,7,7,0
2018,7,2018_07_CAR_PHI,REG,PHI,CAR,17.0,21.0,-4.0,10,7,0
2018,7,2018_07_CLE_TB,REG,TB,CLE,26.0,23.0,3.0,7,7,0
2018,7,2018_07_NO_BAL,REG,BAL,NO,23.0,24.0,-1.0,7,13,0
2018,7,2018_07_LA_SF,REG,SF,LA,10.0,39.0,-29.0,6,7,1
2018,7,2018_07_DAL_WAS,REG,WAS,DAL,20.0,17.0,3.0,7,7,1
2018,7,2018_07_CIN_KC,REG,KC,CIN,45.0,10.0,35.0,7,7,0
2018,7,2018_07_TEN_LAC,REG,LAC,TEN,20.0,19.0,1.0,7,7,0
2018,7,2018_07_NYG_ATL,REG,ATL,NYG,23.0,20.0,3.0,8,11,0
2018,8,2018_08_MIA_HOU,REG,HOU,MIA,42.0,23.0,19.0,4,4,0
2018,8,2018_08_BAL_CAR,REG,CAR,BAL,36.0,21.0,15.0,7,7,0
2018,8,2018_08_NYJ_CHI,REG,CHI,NYJ,24.0,10.0,14.0,7,7,0
2018,8,2018_08_TB_CIN,REG,CIN,TB,37.0,34.0,3.0,7,7,0
2018,8,2018_08_SEA_DET,REG,DET,SEA,14.0,28.0,-14.0,7,14,0
2018,8,2018_08_DEN_KC,REG,KC,DEN,30.0,23.0,7.0,7,10,1
2018,8,2018_08_WAS_NYG,REG,NYG,WAS,13.0,20.0,-7.0,6,7,1
2018,8,2018_08_CLE_PIT,REG,PIT,CLE,33.0,18.0,15.0,14,7,1
2018,8,2018_08_IND_OAK,REG,OAK,IND,28.0,42.0,-14.0,14,7,0
2018,8,2018_08_SF_ARI,REG,ARI,SF,18.0,15.0,3.0,10,7,1
2018,8,2018_08_GB_LA,REG,LA,GB,29.0,27.0,2.0,7,13,0
2018,8,2018_08_NO_MIN,REG,MIN,NO,20.0,30.0,-10.0,7,7,0
2018,8,2018_08_PHI_JAX,REG,JAX,PHI,18.0,24.0,-6.0,7,7,0
2018,8,2018_08_NE_BUF,REG,BUF,NE,6.0,25.0,-19.0,8,8,1
2018,9,2018_09_OAK_SF,REG,SF,OAK,34.0,3.0,31.0,4,4,0
2018,9,2018_09_PIT_BAL,REG,BAL,PIT,16.0,23.0,-7.0,7,7,1
2018,9,2018_09_CHI_BUF,REG,BUF,CHI,9.0,41.0,-32.0,6,7,0
2018,9,2018_09_TB_CAR,REG,CAR,TB,42.0,28.0,14.0,7,7,1
2018,9,2018_09_KC_CLE,REG,CLE,KC,21.0,37.0,-16.0,7,7,0
2018,9,2018_09_NYJ_MIA,REG,MIA,NYJ,13.0,6.0,7.0,10,7,1
2018,9,2018_09_DET_MIN,REG,MIN,DET,24.0,9.0,15.0,7,7,1
2018,9,2018_09_ATL_WAS,REG,WAS,ATL,14.0,38.0,-24.0,7,13,0
2018,9,2018_09_HOU_DEN,REG,DEN,HOU,17.0,19.0,-2.0,7,10,0
2018,9,2018_09_LAC_SEA,REG,SEA,LAC,17.0,25.0,-8.0,7,14,0
2018,9,2018_09_LA_NO,REG,NO,LA,45.0,35.0,10.0,7,7,0
2018,9,2018_09_GB_NE,REG,NE,GB,31.0,17.0,14.0,6,7,0
2018,9,2018_09_TEN_DAL,REG,DAL,TEN,14.0,28.0,-14.0,15,15,0
2018,10,2018_10_CAR_PIT,REG,PIT,CAR,52.0,21.0,31.0,4,4,0
2018,10,2018_10_DET_CHI,REG,CHI,DET,34.0,22.0,12.0,7,7,1
2018,10,2018_10_NO_CIN,REG,CIN,NO,14.0,51.0,-37.0,14,7,0
2018,10,2018_10_ATL_CLE,REG,CLE,ATL,28.0,16.0,12.0,7,7,0
2018,10,2018_10_JAX_IND,REG,IND,JAX,29.0,26.0,3.0,14,14,1
2018,10,2018_10_ARI_KC,REG,KC,ARI,26.0,14.0,12.0,7,14,0
2018,10,2018_10_BUF_NYJ,REG,NYJ,BUF,10.0,41.0,-31.0,7,7,1
2018,10,2018_10_WAS_TB,REG,TB,WAS,3.0,16.0,-13.0,7,7,0
2018,10,2018_10_NE_TEN,REG,TEN,NE,34.0,10.0,24.0,6,7,0
2018,10,2018_10_LAC_OAK,REG,OAK,LAC,6.0,20.0,-14.0,10,7,1
2018,10,2018_10_MIA_GB,REG,GB,MIA,31.0,12.0,19.0,7,7,0
2018,10,2018_10_SEA_LA,REG,LA,SEA,36.0,31.0,5.0,7,7,1
2018,10,2018_10_DAL_PHI,REG,PHI,DAL,20.0,27.0,-7.0,14,6,1
2018,10,2018_10_NYG_SF,REG,SF,NYG,23.0,27.0,-4.0,11,15,0
2018,11,2018_11_GB_SEA,REG,SEA,GB,27.0,24.0,3.0,4,4,0
2018,11,2018_11_DAL_ATL,REG,ATL,DAL,19.0,22.0,-3.0,7,7,0
2018,11,2018_11_CIN_BAL,REG,BAL,CIN,24.0,21.0,3.0,14,7,1
2018,11,2018_11_CAR_DET,REG,DET,CAR,20.0,19.0,1.0,7,10,0
2018,11,2018_11_TEN_IND,REG,IND,TEN,38.0,10.0,28.0,7,7,1
2018,11,2018_11_PIT_JAX,REG,JAX,PIT,16.0,20.0,-4.0,7,10,0
2018,11,2018_11_TB_NYG,REG,NYG,TB,38.0,35.0,3.0,6,7,0
2018,11,2018_11_HOU_WAS,REG,WAS,HOU,21.0,23.0,-2.0,7,14,0
2018,11,2018_11_OAK_ARI,REG,ARI,OAK,21.0,23.0,-2.0,7,7,0
2018,11,2018_11_DEN_LAC,REG,LAC,DEN,22.0,23.0,-1.0,7,14,1
2018,11,2018_11_PHI_NO,REG,NO,PHI,48.0,7.0,41.0,7,7,0
2018,11,2018_11_MIN_CHI,REG,CHI,MIN,25.0,20.0,5.0,7,14,1
2018,11,2018_11_KC_LA,REG,LA,KC,54.0,51.0,3.0,8,8,0
2018,12,2018_12_CHI_DET,REG,DET,CHI,16.0,23.0,-7.0,4,4,1
2018,12,2018_12_WAS_DAL,REG,DAL,WAS,31.0,23.0,8.0,4,4,1
2018,12,2018_12_ATL_NO,REG,NO,ATL,31.0,17.0,14.0,4,4,1
2018,12,2018_12_OAK_BAL,REG,BAL,OAK,34.0,17.0,17.0,7,7,0
2018,12,2018_12_JAX_BUF,REG,BUF,JAX,24.0,21.0,3.0,14,7,0
2018,12,2018_12_SEA_CAR,REG,CAR,SEA,27.0,30.0,-3.0,7,10,0
2018,12,2018_12_CLE_CIN,REG,CIN,CLE,20.0,35.0,-15.0,7,14,1
2018,12,2018_12_NE_NYJ,REG,NYJ,NE,13.0,27.0,-14.0,14,14,1
2018,12,2018_12_NYG_PHI,REG,PHI,NYG,25.0,22.0,3.0,7,7,1
2018,12,2018_12_SF_TB,REG,TB,SF,27.0,9.0,18.0,7,13,0
2018,12,2018_12_ARI_LAC,REG,LAC,ARI,45.0,10.0,35.0,7,7,0
2018,12,2018_12_PIT_DEN,REG,DEN,PIT,24.0,17.0,7.0,7,7,0
2018,12,2018_12_MIA_IND,REG,IND,MIA,27.0,24.0,3.0,7,14,0
2018,12,2018_12_GB_MIN,REG,MIN,GB,24.0,17.0,7.0,7,10,1
2018,12,2018_12_TEN_HOU,REG,HOU,TEN,34.0,17.0,17.0,8,8,1
2018,13,2018_13_NO_DAL,REG,DAL,NO,13.0,10.0,3.0,7,7,0
2018,13,2018_13_BAL_ATL,REG,ATL,BAL,16.0,26.0,-10.0,10,7,0
2018,13,2018_13_DEN_CIN,REG,CIN,DEN,10.0,24.0,-14.0,7,7,0
2018,13,2018_13_LA_DET,REG,DET,LA,16.0,30.0,-14.0,10,13,0
2018,13,2018_13_ARI_GB,REG,GB,ARI,17.0,20.0,-3.0,7,7,0
2018,13,2018_13_CLE_HOU,REG,HOU,CLE,29.0,13.0,16.0,6,7,0
2018,13,2018_13_IND_JAX,REG,JAX,IND,6.0,0.0,6.0,7,7,1
2018,13,2018_13_BUF_MIA,REG,MIA,BUF,21.0,17.0,4.0,7,7,1
2018,13,2018_13_CHI_NYG,REG,NYG,CHI,30.0,27.0,3.0,7,10,0
2018,13,2018_13_CAR_TB,REG,TB,CAR,24.0,17.0,7.0,7,7,1
2018,13,2018_13_KC_OAK,REG,OAK,KC,33.0,40.0,-7.0,7,13,1
2018,13,2018_13_NYJ_TEN,REG,TEN,NYJ,26.0,22.0,4.0,6,7,0
2018,13,2018_13_MIN_NE,REG,NE,MIN,24.0,10.0,14.0,7,7,0
2018,13,2018_13_SF_SEA,REG,SEA,SF,43.0,16.0,27.0,7,7,1
2018,13,2018_13_LAC_PIT,REG,PIT,LAC,30.0,33.0,-3.0,7,7,0
2018,13,2018_13_WAS_PHI,REG,PHI,WAS,28.0,13.0,15.0,8,11,1
2018,14,2018_14_JAX_TEN,REG,TEN,JAX,30.0,9.0,21.0,4,4,1
2018,14,2018_14_NYJ_BUF,REG,BUF,NYJ,23.0,27.0,-4.0,7,7,1
2018,14,2018_14_CAR_CLE,REG,CLE,CAR,26.0,20.0,6.0,7,7,0
2018,14,2018_14_ATL_GB,REG,GB,ATL,34.0,20.0,14.0,7,7,0
2018,14,2018_14_IND_HOU,REG,HOU,IND,21.0,24.0,-3.0,7,7,1
2018,14,2018_14_BAL_KC,REG,KC,BAL,27.0,24.0,3.0,7,7,0
2018,14,2018_14_NE_MIA,REG,MIA,NE,34.0,33.0,1.0,7,7,1
2018,14,2018_14_NO_TB,REG,TB,NO,14.0,28.0,-14.0,7,10,1
2018,14,2018_14_NYG_WAS,REG,WAS,NYG,16.0,40.0,-24.0,6,7,1
2018,14,2018_14_CIN_LAC,REG,LAC,CIN,26.0,21.0,5.0,7,7,0
2018,14,2018_14_DEN_SF,REG,SF,DEN,20.0,14.0,6.0,7,7,0
2018,14,2018_14_DET_ARI,REG,ARI,DET,3.0,17.0,-14.0,7,7,0
2018,14,2018_14_PHI_DAL,REG,DAL,PHI,29.0,23.0,6.0,10,6,1
2018,14,2018_14_PIT_OAK,REG,OAK,PIT,24.0,21.0,3.0,7,7,0
2018,14,2018_14_LA_CHI,REG,CHI,LA,15.0,6.0,9.0,7,7,0
2018,14,2018_14_MIN_SEA,REG,SEA,MIN,21.0,7.0,14.0,8,8,0
2018,15,2018_15_LAC_KC,REG,KC,LAC,28.0,29.0,-1.0,4,4,1
2018,15,2018_15_HOU_NYJ,REG,NYJ,HOU,22.0,29.0,-7.0,6,6,0
2018,15,2018_15_CLE_DEN,REG,DEN,CLE,16.0,17.0,-1.0,6,6,0
2018,15,2018_15_ARI_ATL,REG,ATL,ARI,40.0,14.0,26.0,7,7,0
2018,15,2018_15_TB_BAL,REG,BAL,TB,20.0,12.0,8.0,7,7,0
2018,15,2018_15_DET_BUF,REG,BUF,DET,14.0,13.0,1.0,7,7,0
2018,15,2018_15_GB_CHI,REG,CHI,GB,24.0,17.0,7.0,7,7,1
2018,15,2018_15_OAK_CIN,REG,CIN,OAK,30.0,16.0,14.0,7,7,0
2018,15,2018_15_DAL_IND,REG,IND,DAL,23.0,0.0,23.0,7,7,0
2018,15,2018_15_WAS_JAX,REG,JAX,WAS,13.0,16.0,-3.0,10,7,0
2018,15,2018_15_MIA_MIN,REG,MIN,MIA,41.0,17.0,24.0,6,7,0
2018,15,2018_15_TEN_NYG,REG,NYG,TEN,0.0,17.0,-17.0,7,10,0
2018,15,2018_15_SEA_SF,REG,SF,SEA,26.0,23.0,3.0,7,6,1
2018,15,2018_15_NE_PIT,REG,PIT,NE,17.0,10.0,7.0,7,7,0
2018,15,2018_15_PHI_LA,REG,LA,PHI,23.0,30.0,-7.0,7,7,0
2018,15,2018_15_NO_CAR,REG,CAR,NO,9.0,12.0,-3.0,8,8,1
2018,16,2018_16_WAS_TEN,REG,TEN,WAS,25.0,16.0,9.0,6,6,0
2018,16,2018_16_BAL_LAC,REG,LAC,BAL,10.0,22.0,-12.0,9,6,0
2018,16,2018_16_ATL_CAR,REG,CAR,ATL,10.0,24.0,-14.0,6,7,1
2018,16,2018_16_CIN_CLE,REG,CLE,CIN,26.0,18.0,8.0,8,7,1
2018,16,2018_16_TB_DAL,REG,DAL,TB,27.0,20.0,7.0,7,7,0
2018,16,2018_16_MIN_DET,REG,DET,MIN,9.0,27.0,-18.0,7,7,1
2018,16,2018_16_NYG_IND,REG,IND,NYG,28.0,27.0,1.0,7,7,0
2018,16,2018_16_JAX_MIA,REG,MIA,JAX,7.0,17.0,-10.0,7,7,0
2018,16,2018_16_BUF_NE,REG,NE,BUF,24.0,12.0,12.0,7,7,1
2018,16,2018_16_GB_NYJ,REG,NYJ,GB,38.0,44.0,-6.0,8,7,0
2018,16,2018_16_HOU_PHI,REG,PHI,HOU,32.0,30.0,2.0,7,8,0
2018,16,2018_16_LA_ARI,REG,ARI,LA,9.0,31.0,-22.0,7,7,1
2018,16,2018_16_CHI_SF,REG,SF,CHI,9.0,14.0,-5.0,7,7,0
2018,16,2018_16_PIT_NO,REG,NO,PIT,31.0,28.0,3.0,6,7,0
2018,16,2018_16_KC_SEA,REG,SEA,KC,38.0,31.0,7.0,7,10,0
2018,16,2018_16_DEN_OAK,REG,OAK,DEN,27.0,14.0,13.0,8,9,1
2018,17,2018_17_MIA_BUF,REG,BUF,MIA,42.0,17.0,25.0,7,7,1
2018,17,2018_17_DET_GB,REG,GB,DET,0.0,31.0,-31.0,7,7,1
2018,17,2018_17_JAX_HOU,REG,HOU,JAX,20.0,3.0,17.0,7,7,1
2018,17,2018_17_NYJ_NE,REG,NE,NYJ,38.0,3.0,35.0,7,7,1
2018,17,2018_17_CAR_NO,REG,NO,CAR,14.0,33.0,-19.0,7,7,1
2018,17,2018_17_DAL_NYG,REG,NYG,DAL,35.0,36.0,-1.0,7,7,1
2018,17,2018_17_ATL_TB,REG,TB,ATL,32.0,34.0,-2.0,7,7,1
2018,17,2018_17_CLE_BAL,REG,BAL,CLE,26.0,24.0,2.0,8,7,1
2018,17,2018_17_LAC_DEN,REG,DEN,LAC,9.0,23.0,-14.0,6,8,1
2018,17,2018_17_OAK_KC,REG,KC,OAK,35.0,3.0,32.0,7,6,1
2018,17,2018_17_SF_LA,REG,LA,SF,48.0,32.0,16.0,7,7,1
2018,17,2018_17_CHI_MIN,REG,MIN,CHI,10.0,24.0,-14.0,7,7,1
2018,17,2018_17_CIN_PIT,REG,PIT,CIN,16.0,13.0,3.0,7,7,1
2018,17,2018_17_ARI_SEA,REG,SEA,ARI,27.0,24.0,3.0,7,7,1
2018,17,2018_17_PHI_WAS,REG,WAS,PHI,0.0,24.0,-24.0,8,7,1
2018,17,2018_17_IND_TEN,REG,TEN,IND,17.0,33.0,-16.0,8,7,1
2019,1,2019_01_GB_CHI,REG,CHI,GB,3.0,10.0,-7.0,7,7,1
2019,1,2019_01_LA_CAR,REG,CAR,LA,27.0,30.0,-3.0,7,7,0
2019,1,2019_01_TEN_CLE,REG,CLE,TEN,13.0,43.0,-30.0,7,7,0
2019,1,2019_01_KC_JAX,REG,JAX,KC,26.0,40.0,-14.0,7,7,0
2019,1,2019_01_BAL_MIA,REG,MIA,BAL,10.0,59.0,-49.0,7,7,0
2019,1,2019_01_ATL_MIN,REG,MIN,ATL,28.0,12.0,16.0,7,7,0
2019,1,2019_01_BUF_NYJ,REG,NYJ,BUF,16.0,17.0,-1.0,7,7,1
2019,1,2019_01_WAS_PHI,REG,PHI,WAS,32.0,27.0,5.0,7,7,1
2019,1,2019_01_IND_LAC,REG,LAC,IND,30.0,24.0,6.0,7,7,0
2019,1,2019_01_CIN_SEA,REG,SEA,CIN,21.0,20.0,1.0,7,7,0
2019,1,2019_01_DET_ARI,REG,ARI,DET,27.0,27.0,0.0,7,7,0
2019,1,2019_01_NYG_DAL,REG,DAL,NYG,35.0,17.0,18.0,7,7,1
2019,1,2019_01_SF_TB,REG,TB,SF,17.0,31.0,-14.0,7,7,0
2019,1,2019_01_PIT_NE,REG,NE,PIT,33.0,3.0,30.0,7,7,0
2019,1,2019_01_HOU_NO,REG,NO,HOU,30.0,28.0,2.0,7,7,0
2019,1,2019_01_DEN_OAK,REG,OAK,DEN,24.0,16.0,8.0,7,7,1
2019,2,2019_02_TB_CAR,REG,CAR,TB,14.0,20.0,-6.0,4,4,1
2019,2,2019_02_ARI_BAL,REG,BAL,ARI,23.0,17.0,6.0,7,7,0
2019,2,2019_02_SF_CIN,REG,CIN,SF,17.0,41.0,-24.0,7,7,0
2019,2,2019_02_LAC_DET,REG,DET,LAC,13.0,10.0,3.0,7,7,0
2019,2,2019_02_MIN_GB,REG,GB,MIN,21.0,16.0,5.0,10,7,1
2019,2,2019_02_JAX_HOU,REG,HOU,JAX,13.0,12.0,1.0,6,7,1
2019,2,2019_02_NE_MIA,REG,MIA,NE,0.0,43.0,-43.0,7,7,1
2019,2,2019_02_BUF_NYG,REG,NYG,BUF,14.0,28.0,-14.0,7,7,0
2019,2,2019_02_SEA_PIT,REG,PIT,SEA,26.0,28.0,-2.0,7,7,0
2019,2,2019_02_IND_TEN,REG,TEN,IND,17.0,19.0,-2.0,7,7,1
2019,2,2019_02_DAL_WAS,REG,WAS,DAL,21.0,31.0,-10.0,7,7,1
2019,2,2019_02_KC_OAK,REG,OAK,KC,10.0,28.0,-18.0,6,7,1
2019,2,2019_02_CHI_DEN,REG,DEN,CHI,14.0,16.0,-2.0,6,10,0
2019,2,2019_02_NO_LA,REG,LA,NO,27.0,9.0,18.0,7,6,0
2019,2,2019_02_PHI_ATL,REG,ATL,PHI,24.0,20.0,4.0,7,7,0
2019,2,2019_02_CLE_NYJ,REG,NYJ,CLE,3.0,23.0,-20.0,8,8,0
2019,3,2019_03_TEN_JAX,REG,JAX,TEN,20.0,7.0,13.0,4,4,1
2019,3,2019_03_CIN_BUF,REG,BUF,CIN,21.0,17.0,4.0,7,7,0
2019,3,2019_03_MIA_DAL,REG,DAL,MIA,31.0,6.0,25.0,7,7,0
2019,3,2019_03_DEN_GB,REG,GB,DEN,27.0,16.0,11.0,7,7,0
2019,3,2019_03_ATL_IND,REG,IND,ATL,27.0,24.0,3.0,7,7,0
2019,3,2019_03_BAL_KC,REG,KC,BAL,33.0,28.0,5.0,7,7,0
2019,3,2019_03_OAK_MIN,REG,MIN,OAK,34.0,14.0,20.0,7,7,0
2019,3,2019_03_NYJ_NE,REG,NE,NYJ,30.0,14.0,16.0,7,6,1
2019,3,2019_03_DET_PHI,REG,PHI,DET,24.0,27.0,-3.0,7,7,0
2019,3,2019_03_CAR_ARI,REG,ARI,CAR,20.0,38.0,-18.0,7,10,0
2019,3,2019_03_NYG_TB,REG,TB,NYG,31.0,32.0,-1.0,10,7,0
2019,3,2019_03_HOU_LAC,REG,LAC,HOU,20.0,27.0,-7.0,7,7,0
2019,3,2019_03_NO_SEA,REG,SEA,NO,27.0,33.0,-6.0,7,7,0
2019,3,2019_03_PIT_SF,REG,SF,PIT,24.0,20.0,4.0,7,7,0
2019,3,2019_03_LA_CLE,REG,CLE,LA,13.0,20.0,-7.0,6,7,0
2019,3,2019_03_CHI_WAS,REG,WAS,CHI,15.0,31.0,-16.0,8,8,0
2019,4,2019_04_PHI_GB,REG,GB,PHI,27.0,34.0,-7.0,4,4,0
2019,4,2019_04_TEN_ATL,REG,ATL,TEN,10.0,24.0,-14.0,7,10,0
2019,4,2019_04_CLE_BAL,REG,BAL,CLE,25.0,40.0,-15.0,7,7,1
2019,4,2019_04_NE_BUF,REG,BUF,NE,10.0,16.0,-6.0,7,7,1
2019,4,2019_04_KC_DET,REG,DET,KC,30.0,34.0,-4.0,7,7,0
2019,4,2019_04_CAR_HOU,REG,HOU,CAR,10.0,16.0,-6.0,7,7,0
2019,4,2019_04_OAK_IND,REG,IND,OAK,24.0,31.0,-7.0,7,7,0
2019,4,2019_04_LAC_MIA,REG,MIA,LAC,10.0,30.0,-20.0,7,7,0
2019,4,2019_04_WAS_NYG,REG,NYG,WAS,24.0,3.0,21.0,7,6,1
2019,4,2019_04_SEA_ARI,REG,ARI,SEA,10.0,27.0,-17.0,7,7,1
2019,4,2019_04_TB_LA,REG,LA,TB,40.0,55.0,-15.0,7,7,0
2019,4,2019_04_MIN_CHI,REG,CHI,MIN,16.0,6.0,10.0,6,7,1
2019,4,2019_04_JAX_DEN,REG,DEN,JAX,24.0,26.0,-2.0,7,10,0
2019,4,2019_04_DAL_NO,REG,NO,DAL,12.0,10.0,2.0,7,7,0
2019,4,2019_04_CIN_PIT,REG,PIT,CIN,27.0,3.0,24.0,8,8,1
2019,5,2019_05_LA_SEA,REG,SEA,LA,30.0,29.0,1.0,4,4,1
2019,5,2019_05_JAX_CAR,REG,CAR,JAX,34.0,27.0,7.0,7,7,0
2019,5,2019_05_ARI_CIN,REG,CIN,ARI,23.0,26.0,-3.0,6,7,0
2019,5,2019_05_ATL_HOU,REG,HOU,ATL,53.0,32.0,21.0,7,7,0
2019,5,2019_05_TB_NO,REG,NO,TB,31.0,24.0,7.0,7,7,1
2019,5,2019_05_MIN_NYG,REG,NYG,MIN,10.0,28.0,-18.0,7,7,0
2019,5,2019_05_CHI_OAK,REG,OAK,CHI,24.0,21.0,3.0,7,7,0
2019,5,2019_05_NYJ_PHI,REG,PHI,NYJ,31.0,6.0,25.0,10,14,0
2019,5,2019_05_BAL_PIT,REG,PIT,BAL,23.0,26.0,-3.0,6,7,1
2019,5,2019_05_BUF_TEN,REG,TEN,BUF,7.0,14.0,-7.0,7,7,0
2019,5,2019_05_NE_WAS,REG,WAS,NE,7.0,33.0,-26.0,7,7,0
2019,5,2019_05_DEN_LAC,REG,LAC,DEN,13.0,20.0,-7.0,7,7,1
2019,5,2019_05_GB_DAL,REG,DAL,GB,24.0,34.0,-10.0,7,10,0
2019,5,2019_05_IND_KC,REG,KC,IND,13.0,19.0,-6.0,7,7,0
2019,5,2019_05_CLE_SF,REG,SF,CLE,31.0,3.0,28.0,15,8,0
2019,6,2019_06_NYG_NE,REG,NE,NYG,35.0,14.0,21.0,4,4,0
2019,6,2019_06_CAR_TB,REG,TB,CAR,26.0,37.0,-11.0,7,7,1
2019,6,2019_06_CIN_BAL,REG,BAL,CIN,23.0,17.0,6.0,7,7,1
2019,6,2019_06_SEA_CLE,REG,CLE,SEA,28.0,32.0,-4.0,6,10,0
2019,6,2019_06_NO_JAX,REG,JAX,NO,6.0,13.0,-7.0,7,7,0
2019,6,2019_06_HOU_KC,REG,KC,HOU,24.0,31.0,-7.0,7,7,0
2019,6,2019_06_WAS_MIA,REG,MIA,WAS,16.0,17.0,-1.0,14,7,0
2019,6,2019_06_PHI_MIN,REG,MIN,PHI,38.0,20.0,18.0,7,7,0
2019,6,2019_06_ATL_ARI,REG,ARI,ATL,34.0,33.0,1.0,7,7,0
2019,6,2019_06_SF_LA,REG,LA,SF,7.0,20.0,-13.0,10,6,1
2019,6,2019_06_TEN_DEN,REG,DEN,TEN,16.0,0.0,16.0,7,7,0
2019,6,2019_06_DAL_NYJ,REG,NYJ,DAL,24.0,22.0,2.0,7,7,0
2019,6,2019_06_PIT_LAC,REG,LAC,PIT,17.0,24.0,-7.0,7,7,0
2019,6,2019_06_DET_GB,REG,GB,DET,23.0,22.0,1.0,8,15,1
2019,7,2019_07_KC_DEN,REG,DEN,KC,6.0,30.0,-24.0,4,4,1
2019,7,2019_07_LA_ATL,REG,ATL,LA,10.0,37.0,-27.0,7,7,0
2019,7,2019_07_MIA_BUF,REG,BUF,MIA,31.0,21.0,10.0,14,7,1
2019,7,2019_07_JAX_CIN,REG,CIN,JAX,17.0,27.0,-10.0,7,7,0
2019,7,2019_07_MIN_DET,REG,DET,MIN,30.0,42.0,-12.0,6,7,1
2019,7,2019_07_OAK_GB,REG,GB,OAK,42.0,24.0,18.0,6,14,0
2019,7,2019_07_HOU_IND,REG,IND,HOU,30.0,23.0,7.0,14,7,1
2019,7,2019_07_ARI_NYG,REG,NYG,ARI,21.0,27.0,-6.0,10,7,0
2019,7,2019_07_SF_WAS,REG,WAS,SF,0.0,9.0,-9.0,7,7,0
2019,7,2019_07_LAC_TEN,REG,TEN,LAC,23.0,20.0,3.0,7,7,0
2019,7,2019_07_NO_CHI,REG,CHI,NO,25.0,36.0,-11.0,14,7,0
2019,7,2019_07_BAL_SEA,REG,SEA,BAL,16.0,30.0,-14.0,7,7,0
2019,7,2019_07_PHI_DAL,REG,DAL,PHI,37.0,10.0,27.0,7,7,1
2019,7,2019_07_NE_NYJ,REG,NYJ,NE,0.0,33.0,-33.0,8,11,1
2019,8,2019_08_WAS_MIN,REG,MIN,WAS,19.0,9.0,10.0,4,4,0
2019,8,2019_08_SEA_ATL,REG,ATL,SEA,20.0,27.0,-7.0,7,7,0
2019,8,2019_08_PHI_BUF,REG,BUF,PHI,13.0,31.0,-18.0,7,7,0
2019,8,2019_08_LAC_CHI,REG,CHI,LAC,16.0,17.0,-1.0,7,7,0
2019,8,2019_08_NYG_DET,REG,DET,NYG,31.0,26.0,5.0,7,7,0
2019,8,2019_08_DEN_IND,REG,IND,DEN,15.0,13.0,2.0,7,10,0
2019,8,2019_08_NYJ_JAX,REG,JAX,NYJ,29.0,15.0,14.0,7,6,0
2019,8,2019_08_CIN_LA,REG,LA,CIN,24.0,10.0,14.0,7,7,0
2019,8,2019_08_ARI_NO,REG,NO,ARI,31.0,9.0,22.0,7,7,0
2019,8,2019_08_TB_TEN,REG,TEN,TB,27.0,23.0,4.0,7,14,0
2019,8,2019_08_CAR_SF,REG,SF,CAR,51.0,13.0,38.0,7,14,0
2019,8,2019_08_OAK_HOU,REG,HOU,OAK,27.0,24.0,3.0,7,7,0
2019,8,2019_08_CLE_NE,REG,NE,CLE,27.0,13.0,14.0,6,14,0
2019,8,2019_08_GB_KC,REG,KC,GB,24.0,31.0,-7.0,10,7,0
2019,8,2019_08_MIA_PIT,REG,PIT,MIA,27.0,14.0,13.0,15,8,0
2019,9,2019_09_SF_ARI,REG,ARI,SF,25.0,28.0,-3.0,4,4,1
2019,9,2019_09_HOU_JAX,REG,JAX,HOU,3.0,26.0,-23.0,7,7,1
2019,9,2019_09_WAS_BUF,REG,BUF,WAS,24.0,9.0,15.0,7,10,0
2019,9,2019_09_TEN_CAR,REG,CAR,TEN,30.0,20.0,10.0,7,7,0
2019,9,2019_09_MIN_KC,REG,KC,MIN,26.0,23.0,3.0,7,10,0
2019,9,2019_09_NYJ_MIA,REG,MIA,NYJ,26.0,18.0,8.0,6,7,1
2019,9,2019_09_CHI_PHI,REG,PHI,CHI,22.0,14.0,8.0,7,7,0
2019,9,2019_09_IND_PIT,REG,PIT,IND,26.0,24.0,2.0,6,7,0
2019,9,2019_09_DET_OAK,REG,OAK,DET,31.0,24.0,7.0,7,7,0
2019,9,2019_09_TB_SEA,REG,SEA,TB,40.0,34.0,6.0,7,7,0
2019,9,2019_09_CLE_DEN,REG,DEN,CLE,24.0,19.0,5.0,7,7,0
2019,9,2019_09_GB_LAC,REG,LAC,GB,26.0,11.0,15.0,7,7,0
2019,9,2019_09_NE_BAL,REG,BAL,NE,37.0,20.0,17.0,14,7,0
2019,9,2019_09_DAL_NYG,REG,NYG,DAL,18.0,37.0,-19.0,8,15,1
2019,10,2019_10_LAC_OAK,REG,OAK,LAC,26.0,24.0,2.0,4,4,1
2019,10,2019_10_DET_CHI,REG,CHI,DET,20.0,13.0,7.0,7,7,1
2019,10,2019_10_BAL_CIN,REG,CIN,BAL,13.0,49.0,-36.0,14,7,1
2019,10,2019_10_BUF_CLE,REG,CLE,BUF,19.0,16.0,3.0,7,7,0
2019,10,2019_10_ATL_NO,REG,NO,ATL,9.0,26.0,-17.0,14,14,1
2019,10,2019_10_NYG_NYJ,REG,NYJ,NYG,34.0,27.0,7.0,7,6,0
2019,10,2019_10_ARI_TB,REG,TB,ARI,30.0,27.0,3.0,7,10,0
2019,10,2019_10_KC_TEN,REG,TEN,KC,35.0,32.0,3.0,7,7,0
2019,10,2019_10_MIA_IND,REG,IND,MIA,12.0,16.0,-4.0,7,7,0
2019,10,2019_10_CAR_GB,REG,GB,CAR,24.0,16.0,8.0,7,7,0
2019,10,2019_10_LA_PIT,REG,PIT,LA,17.0,12.0,5.0,7,14,0
2019,10,2019_10_MIN_DAL,REG,DAL,MIN,24.0,28.0,-4.0,6,7,0
2019,10,2019_10_SEA_SF,REG,SF,SEA,24.0,27.0,-3.0,11,8,1
2019,11,2019_11_PIT_CLE,REG,CLE,PIT,21.0,7.0,14.0,4,4,1
2019,11,2019_11_HOU_BAL,REG,BAL,HOU,41.0,7.0,34.0,7,14,0
2019,11,2019_11_ATL_CAR,REG,CAR,ATL,3.0,29.0,-26.0,7,7,1
2019,11,2019_11_DAL_DET,REG,DET,DAL,27.0,35.0,-8.0,7,7,0
2019,11,2019_11_JAX_IND,REG,IND,JAX,33.0,13.0,20.0,7,14,1
2019,11,2019_11_BUF_MIA,REG,MIA,BUF,20.0,37.0,-17.0,7,7,1
2019,11,2019_11_DEN_MIN,REG,MIN,DEN,27.0,23.0,4.0,7,14,0
2019,11,2019_11_NO_TB,REG,TB,NO,17.0,34.0,-17.0,7,7,1
2019,11,2019_11_NYJ_WAS,REG,WAS,NYJ,17.0,34.0,-17.0,14,7,0
2019,11,2019_11_ARI_SF,REG,SF,ARI,36.0,26.0,10.0,6,7,1
2019,11,2019_11_CIN_OAK,REG,OAK,CIN,17.0,10.0,7.0,10,7,0
2019,11,2019_11_NE_PHI,REG,PHI,NE,10.0,17.0,-7.0,14,14,0
2019,11,2019_11_CHI_LA,REG,LA,CHI,17.0,7.0,10.0,7,7,0
2019,11,2019_11_KC_LAC,REG,LAC,KC,17.0,24.0,-7.0,11,8,1
2019,12,2019_12_IND_HOU,REG,HOU,IND,20.0,17.0,3.0,4,4,1
2019,12,2019_12_TB_ATL,REG,ATL,TB,22.0,35.0,-13.0,7,7,1
2019,12,2019_12_DEN_BUF,REG,BUF,DEN,20.0,3.0,17.0,7,7,0
2019,12,2019_12_NYG_CHI,REG,CHI,NYG,19.0,14.0,5.0,7,14,0
2019,12,2019_12_PIT_CIN,REG,CIN,PIT,10.0,16.0,-6.0,7,10,1
2019,12,2019_12_MIA_CLE,REG,CLE,MIA,41.0,24.0,17.0,10,7,0
2019,12,2019_12_CAR_NO,REG,NO,CAR,34.0,31.0,3.0,7,7,1
2019,12,2019_12_OAK_NYJ,REG,NYJ,OAK,34.0,3.0,31.0,7,7,0
2019,12,2019_12_SEA_PHI,REG,PHI,SEA,9.0,17.0,-8.0,7,13,0
2019,12,2019_12_DET_WAS,REG,WAS,DET,19.0,16.0,3.0,7,7,0
2019,12,2019_12_JAX_TEN,REG,TEN,JAX,42.0,20.0,22.0,14,7,1
2019,12,2019_12_DAL_NE,REG,NE,DAL,13.0,9.0,4.0,7,7,0
2019,12,2019_12_GB_SF,REG,SF,GB,37.0,8.0,29.0,7,14,0
2019,12,2019_12_BAL_LA,REG,LA,BAL,6.0,45.0,-39.0,8,8,0
2019,13,2019_13_CHI_DET,REG,DET,CHI,20.0,24.0,-4.0,4,4,1
2019,13,2019_13_BUF_DAL,REG,DAL,BUF,15.0,26.0,-11.0,4,4,0
2019,13,2019_13_NO_ATL,REG,ATL,NO,18.0,26.0,-8.0,4,4,1
2019,13,2019_13_SF_BAL,REG,BAL,SF,20.0,17.0,3.0,6,7,0
2019,13,2019_13_WAS_CAR,REG,CAR,WAS,21.0,29.0,-8.0,7,7,0
2019,13,2019_13_NYJ_CIN,REG,CIN,NYJ,22.0,6.0,16.0,7,7,0
2019,13,2019_13_TEN_IND,REG,IND,TEN,17.0,31.0,-14.0,10,7,1
2019,13,2019_13_TB_JAX,REG,JAX,TB,11.0,28.0,-17.0,7,7,0
2019,13,2019_13_PHI_MIA,REG,MIA,PHI,37.0,31.0,6.0,7,7,0
2019,13,2019_13_GB_NYG,REG,NYG,GB,13.0,31.0,-18.0,7,7,0
2019,13,2019_13_CLE_PIT,REG,PIT,CLE,20.0,13.0,7.0,7,7,1
2019,13,2019_13_LA_ARI,REG,ARI,LA,7.0,34.0,-27.0,14,6,1
2019,13,2019_13_LAC_DEN,REG,DEN,LAC,23.0,20.0,3.0,7,13,1
2019,13,2019_13_OAK_KC,REG,KC,OAK,40.0,9.0,31.0,13,7,1
2019,13,2019_13_NE_HOU,REG,HOU,NE,28.0,22.0,6.0,10,7,0
2019,13,2019_13_MIN_SEA,REG,SEA,MIN,37.0,30.0,7.0,8,15,0
2019,14,2019_14_DAL_CHI,REG,CHI,DAL,31.0,24.0,7.0,7,7,0
2019,14,2019_14_CAR_ATL,REG,ATL,CAR,40.0,20.0,20.0,10,7,1
2019,14,2019_14_BAL_BUF,REG,BUF,BAL,17.0,24.0,-7.0,10,7,0
2019,14,2019_14_CIN_CLE,REG,CLE,CIN,27.0,19.0,8.0,7,7,1
2019,14,2019_14_WAS_GB,REG,GB,WAS,20.0,15.0,5.0,7,7,0
2019,14,2019_14_DEN_HOU,REG,HOU,DEN,24.0,38.0,-14.0,7,7,0
2019,14,2019_14_DET_MIN,REG,MIN,DET,20.0,7.0,13.0,6,10,1
2019,14,2019_14_SF_NO,REG,NO,SF,46.0,48.0,-2.0,10,7,0
2019,14,2019_14_MIA_NYJ,REG,NYJ,MIA,22.0,21.0,1.0,7,7,1
2019,14,2019_14_IND_TB,REG,TB,IND,38.0,35.0,3.0,7,7,0
2019,14,2019_14_LAC_JAX,REG,JAX,LAC,10.0,45.0,-35.0,7,7,0
2019,14,2019_14_PIT_ARI,REG,ARI,PIT,17.0,23.0,-6.0,7,7,0
2019,14,2019_14_KC_NE,REG,NE,KC,16.0,23.0,-7.0,7,7,0
2019,14,2019_14_TEN_OAK,REG,OAK,TEN,21.0,42.0,-21.0,7,7,0
2019,14,2019_14_SEA_LA,REG,LA,SEA,28.0,12.0,16.0,7,6,1
2019,14,2019_14_NYG_PHI,REG,PHI,NYG,23.0,17.0,6.0,8,8,1
2019,15,2019_15_NYJ_BAL,REG,BAL,NYJ,42.0,21.0,21.0,4,4,0
2019,15,2019_15_SEA_CAR,REG,CAR,SEA,24.0,30.0,-6.0,7,7,0
2019,15,2019_15_NE_CIN,REG,CIN,NE,13.0,34.0,-21.0,7,7,0
2019,15,2019_15_TB_DET,REG,DET,TB,17.0,38.0,-21.0,7,7,0
2019,15,2019_15_CHI_GB,REG,GB,CHI,21.0,13.0,8.0,7,10,1
2019,15,2019_15_DEN_KC,REG,KC,DEN,23.0,3.0,20.0,7,7,1
2019,15,2019_15_MIA_NYG,REG,NYG,MIA,36.0,20.0,16.0,6,7,0
2019,15,2019_15_HOU_TEN,REG,TEN,HOU,21.0,24.0,-3.0,7,7,1
2019,15,2019_15_PHI_WAS,REG,WAS,PHI,27.0,37.0,-10.0,7,6,1
2019,15,2019_15_CLE_ARI,REG,ARI,CLE,38.0,24.0,14.0,7,7,0
2019,15,2019_15_MIN_LAC,REG,LAC,MIN,10.0,39.0,-29.0,7,7,0
2019,15,2019_15_JAX_OAK,REG,OAK,JAX,16.0,20.0,-4.0,7,7,0
2019,15,2019_15_LA_DAL,REG,DAL,LA,44.0,21.0,23.0,10,7,0
2019,15,2019_15_ATL_SF,REG,SF,ATL,22.0,29.0,-7.0,7,7,0
2019,15,2019_15_BUF_PIT,REG,PIT,BUF,10.0,17.0,-7.0,7,7,0
2019,15,2019_15_IND_NO,REG,NO,IND,34.0,7.0,27.0,8,8,0
2019,16,2019_16_HOU_TB,REG,TB,HOU,20.0,23.0,-3.0,7,7,0
2019,16,2019_16_BUF_NE,REG,NE,BUF,24.0,17.0,7.0,7,7,1
2019,16,2019_16_LA_SF,REG,SF,LA,34.0,31.0,3.0,7,7,1
2019,16,2019_16_JAX_ATL,REG,ATL,JAX,24.0,12.0,12.0,7,7,0
2019,16,2019_16_BAL_CLE,REG,CLE,BAL,15.0,31.0,-16.0,7,10,1
2019,16,2019_16_CAR_IND,REG,IND,CAR,38.0,6.0,32.0,6,7,0
2019,16,2019_16_CIN_MIA,REG,MIA,CIN,38.0,35.0,3.0,7,7,0
2019,16,2019_16_PIT_NYJ,REG,NYJ,PIT,16.0,10.0,6.0,10,7,0
2019,16,2019_16_NO_TEN,REG,TEN,NO,28.0,38.0,-10.0,7,6,0
2019,16,2019_16_NYG_WAS,REG,WAS,NYG,35.0,41.0,-6.0,7,7,1
2019,16,2019_16_DET_DEN,REG,DEN,DET,27.0,17.0,10.0,7,7,0
2019,16,2019_16_OAK_LAC,REG,LAC,OAK,17.0,24.0,-7.0,7,7,1
2019,16,2019_16_DAL_PHI,REG,PHI,DAL,17.0,9.0,8.0,7,7,1
2019,16,2019_16_ARI_SEA,REG,SEA,ARI,13.0,27.0,-14.0,7,7,1
2019,16,2019_16_KC_CHI,REG,CHI,KC,3.0,26.0,-23.0,7,7,0
2019,16,2019_16_GB_MIN,REG,MIN,GB,10.0,23.0,-13.0,8,8,1
2019,17,2019_17_NYJ_BUF,REG,BUF,NYJ,6.0,13.0,-7.0,7,7,1
2019,17,2019_17_NO_CAR,REG,CAR,NO,10.0,42.0,-32.0,7,7,1
2019,17,2019_17_CLE_CIN,REG,CIN,CLE,33.0,23.0,10.0,7,7,1
2019,17,2019_17_GB_DET,REG,DET,GB,20.0,23.0,-3.0,7,6,1
2019,17,2019_17_LAC_KC,REG,KC,LAC,31.0,21.0,10.0,7,7,1
2019,17,2019_17_CHI_MIN,REG,MIN,CHI,19.0,21.0,-2.0,6,7,1
2019,17,2019_17_MIA_NE,REG,NE,MIA,24.0,27.0,-3.0,7,7,1
2019,17,2019_17_ATL_TB,REG,TB,ATL,22.0,28.0,-6.0,7,7,1
2019,17,2019_17_PIT_BAL,REG,BAL,PIT,28.0,10.0,18.0,7,7,1
2019,17,2019_17_WAS_DAL,REG,DAL,WAS,47.0,16.0,31.0,7,7,1
2019,17,2019_17_OAK_DEN,REG,DEN,OAK,16.0,15.0,1.0,7,7,1
2019,17,2019_17_TEN_HOU,REG,HOU,TEN,14.0,35.0,-21.0,7,7,1
2019,17,2019_17_IND_JAX,REG,JAX,IND,38.0,20.0,18.0,7,7,1
2019,17,2019_17_ARI_LA,REG,LA,ARI,31.0,24.0,7.0,7,7,1
2019,17,2019_17_PHI_NYG,REG,NYG,PHI,17.0,34.0,-17.0,7,7,1
2019,17,2019_17_SF_SEA,REG,SEA,SF,21.0,26.0,-5.0,7,7,1
2020,1,2020_01_HOU_KC,REG,KC,HOU,34.0,20.0,14.0,7,7,0
2020,1,2020_01_SEA_ATL,REG,ATL,SEA,25.0,38.0,-13.0,7,7,0
2020,1,2020_01_CLE_BAL,REG,BAL,CLE,38.0,6.0,32.0,7,7,1
2020,1,2020_01_NYJ_BUF,REG,BUF,NYJ,27.0,17.0,10.0,7,7,1
2020,1,2020_01_LV_CAR,REG,CAR,LV,30.0,34.0,-4.0,7,7,0
2020,1,2020_01_CHI_DET,REG,DET,CHI,23.0,27.0,-4.0,7,7,1
2020,1,2020_01_IND_JAX,REG,JAX,IND,27.0,20.0,7.0,7,7,1
2020,1,2020_01_GB_MIN,REG,MIN,GB,34.0,43.0,-9.0,7,7,1
2020,1,2020_01_MIA_NE,REG,NE,MIA,21.0,11.0,10.0,7,7,1
2020,1,2020_01_PHI_WAS,REG,WAS,PHI,27.0,17.0,10.0,7,7,1
2020,1,2020_01_LAC_CIN,REG,CIN,LAC,13.0,16.0,-3.0,7,7,0
2020,1,2020_01_TB_NO,REG,NO,TB,34.0,23.0,11.0,7,7,1
2020,1,2020_01_ARI_SF,REG,SF,ARI,20.0,24.0,-4.0,7,7,1
2020,1,2020_01_DAL_LA,REG,LA,DAL,20.0,17.0,3.0,7,7,0
2020,1,2020_01_PIT_NYG,REG,NYG,PIT,16.0,26.0,-10.0,7,7,0
2020,1,2020_01_TEN_DEN,REG,DEN,TEN,14.0,16.0,-2.0,7,7,0
2020,2,2020_02_CIN_CLE,REG,CLE,CIN,35.0,30.0,5.0,4,4,1
2020,2,2020_02_NYG_CHI,REG,CHI,NYG,17.0,13.0,4.0,7,6,0
2020,2,2020_02_ATL_DAL,REG,DAL,ATL,40.0,39.0,1.0,7,7,0
2020,2,2020_02_DET_GB,REG,GB,DET,42.0,21.0,21.0,7,7,1
2020,2,2020_02_MIN_IND,REG,IND,MIN,28.0,11.0,17.0,7,7,0
2020,2,2020_02_BUF_MIA,REG,MIA,BUF,28.0,31.0,-3.0,7,7,1
2020,2,2020_02_SF_NYJ,REG,NYJ,SF,13.0,31.0,-18.0,7,7,0
2020,2,2020_02_LA_PHI,REG,PHI,LA,19.0,37.0,-18.0,7,7,0
2020,2,2020_02_DEN_PIT,REG,PIT,DEN,26.0,21.0,5.0,6,6,0
2020,2,2020_02_CAR_TB,REG,TB,CAR,31.0,17.0,14.0,7,7,1
2020,2,2020_02_JAX_TEN,REG,TEN,JAX,33.0,30.0,3.0,6,7,1
2020,2,2020_02_WAS_ARI,REG,ARI,WAS,30.0,15.0,15.0,7,7,0
2020,2,2020_02_BAL_HOU,REG,HOU,BAL,16.0,33.0,-17.0,10,7,0
2020,2,2020_02_KC_LAC,REG,LAC,KC,20.0,23.0,-3.0,7,10,1
2020,2,2020_02_NE_SEA,REG,SEA,NE,35.0,30.0,5.0,7,7,0
2020,2,2020_02_NO_LV,REG,LV,NO,34.0,24.0,10.0,8,8,0
2020,3,2020_03_MIA_JAX,REG,JAX,MIA,13.0,31.0,-18.0,4,4,0
2020,3,2020_03_CHI_ATL,REG,ATL,CHI,26.0,30.0,-4.0,7,7,0
2020,3,2020_03_LA_BUF,REG,BUF,LA,35.0,32.0,3.0,7,7,0
2020,3,2020_03_WAS_CLE,REG,CLE,WAS,34.0,20.0,14.0,10,7,0
2020,3,2020_03_TEN_MIN,REG,MIN,TEN,30.0,31.0,-1.0,7,7,0
2020,3,2020_03_LV_NE,REG,NE,LV,36.0,20.0,16.0,7,6,0
2020,3,2020_03_SF_NYG,REG,NYG,SF,9.0,36.0,-27.0,7,7,0
2020,3,2020_03_CIN_PHI,REG,PHI,CIN,23.0,23.0,0.0,7,10,0
2020,3,2020_03_HOU_PIT,REG,PIT,HOU,28.0,21.0,7.0,7,7,0
2020,3,2020_03_NYJ_IND,REG,IND,NYJ,36.0,7.0,29.0,7,7,0
2020,3,2020_03_CAR_LAC,REG,LAC,CAR,16.0,21.0,-5.0,7,7,0
2020,3,2020_03_DET_ARI,REG,ARI,DET,23.0,26.0,-3.0,7,7,0
2020,3,2020_03_TB_DEN,REG,DEN,TB,10.0,28.0,-18.0,7,7,0
2020,3,2020_03_DAL_SEA,REG,SEA,DAL,38.0,31.0,7.0,7,7,0
2020,3,2020_03_GB_NO,REG,NO,GB,30.0,37.0,-7.0,6,7,0
2020,3,2020_03_KC_BAL,REG,BAL,KC,20.0,34.0,-14.0,8,8,0
2020,4,2020_04_DEN_NYJ,REG,NYJ,DEN,28.0,37.0,-9.0,4,4,0
2020,4,2020_04_ARI_CAR,REG,CAR,ARI,31.0,21.0,10.0,7,7,0
2020,4,2020_04_JAX_CIN,REG,CIN,JAX,33.0,25.0,8.0,7,10,0
2020,4,2020_04_CLE_DAL,REG,DAL,CLE,38.0,49.0,-11.0,7,7,0
2020,4,2020_04_NO_DET,REG,DET,NO,29.0,35.0,-6.0,7,7,0
2020,4,2020_04_MIN_HOU,REG,HOU,MIN,23.0,31.0,-8.0,7,7,0
2020,4,2020_04_SEA_MIA,REG,MIA,SEA,23.0,31.0,-8.0,10,7,0
2020,4,2020_04_LAC_TB,REG,TB,LAC,38.0,31.0,7.0,7,7,0
2020,4,2020_04_BAL_WAS,REG,WAS,BAL,17.0,31.0,-14.0,7,6,0
2020,4,2020_04_NYG_LA,REG,LA,NYG,17.0,9.0,8.0,7,7,0
2020,4,2020_04_IND_CHI,REG,CHI,IND,11.0,19.0,-8.0,7,7,0
2020,4,2020_04_BUF_LV,REG,LV,BUF,23.0,30.0,-7.0,7,7,0
2020,4,2020_04_PHI_SF,REG,SF,PHI,20.0,25.0,-5.0,7,7,0
2020,4,2020_04_NE_KC,REG,KC,NE,26.0,10.0,16.0,7,8,0
2020,4,2020_04_ATL_GB,REG,GB,ATL,30.0,16.0,14.0,8,8,0
2020,5,2020_05_TB_CHI,REG,CHI,TB,20.0,19.0,1.0,4,4,0
2020,5,2020_05_CAR_ATL,REG,ATL,CAR,16.0,23.0,-7.0,6,7,1
2020,5,2020_05_CIN_BAL,REG,BAL,CIN,27.0,3.0,24.0,7,7,1
2020,5,2020_05_JAX_HOU,REG,HOU,JAX,30.0,14.0,16.0,7,7,1
2020,5,2020_05_LV_KC,REG,KC,LV,32.0,40.0,-8.0,6,7,1
2020,5,2020_05_ARI_NYJ,REG,NYJ,ARI,10.0,30.0,-20.0,10,7,0
2020,5,2020_05_PHI_PIT,REG,PIT,PHI,38.0,29.0,9.0,14,7,0
2020,5,2020_05_LA_WAS,REG,WAS,LA,10.0,30.0,-20.0,7,7,0
2020,5,2020_05_MIA_SF,REG,SF,MIA,17.0,43.0,-26.0,7,7,0
2020,5,2020_05_IND_CLE,REG,CLE,IND,32.0,23.0,9.0,7,7,0
2020,5,2020_05_NYG_DAL,REG,DAL,NYG,37.0,34.0,3.0,7,7,1
2020,5,2020_05_MIN_SEA,REG,SEA,MIN,27.0,26.0,1.0,7,7,0
2020,5,2020_05_LAC_NO,REG,NO,LAC,30.0,27.0,3.0,8,8,0
2020,5,2020_05_BUF_TEN,REG,TEN,BUF,42.0,16.0,26.0,16,9,0
2020,6,2020_06_CHI_CAR,REG,CAR,CHI,16.0,23.0,-7.0,7,10,0
2020,6,2020_06_CIN_IND,REG,IND,CIN,31.0,27.0,4.0,7,7,0
2020,6,2020_06_DET_JAX,REG,JAX,DET,16.0,34.0,-18.0,7,14,0
2020,6,2020_06_ATL_MIN,REG,MIN,ATL,23.0,40.0,-17.0,7,7,0
2020,6,2020_06_DEN_NE,REG,NE,DEN,12.0,18.0,-6.0,13,17,0
2020,6,2020_06_WAS_NYG,REG,NYG,WAS,20.0,19.0,1.0,7,7,1
2020,6,2020_06_BAL_PHI,REG,PHI,BAL,28.0,30.0,-2.0,7,7,0
2020,6,2020_06_CLE_PIT,REG,PIT,CLE,38.0,7.0,31.0,7,7,1
2020,6,2020_06_HOU_TEN,REG,TEN,HOU,42.0,36.0,6.0,5,7,1
2020,6,2020_06_NYJ_MIA,REG,MIA,NYJ,24.0,0.0,24.0,7,7,1
2020,6,2020_06_GB_TB,REG,TB,GB,38.0,10.0,28.0,10,13,0
2020,6,2020_06_LA_SF,REG,SF,LA,24.0,16.0,8.0,7,7,1
2020,6,2020_06_KC_BUF,REG,BUF,KC,17.0,26.0,-9.0,6,8,0
2020,6,2020_06_ARI_DAL,REG,DAL,ARI,10.0,38.0,-28.0,8,8,0
2020,7,2020_07_NYG_PHI,REG,PHI,NYG,22.0,21.0,1.0,4,4,1
2020,7,2020_07_DET_ATL,REG,ATL,DET,22.0,23.0,-1.0,7,7,0
2020,7,2020_07_CLE_CIN,REG,CIN,CLE,34.0,37.0,-3.0,7,7,1
2020,7,2020_07_GB_HOU,REG,HOU,GB,20.0,35.0,-15.0,7,7,0
2020,7,2020_07_CAR_NO,REG,NO,CAR,27.0,24.0,3.0,13,7,1
2020,7,2020_07_BUF_NYJ,REG,NYJ,BUF,10.0,18.0,-8.0,7,6,1
2020,7,2020_07_PIT_TEN,REG,TEN,PIT,24.0,27.0,-3.0,7,7,0
2020,7,2020_07_DAL_WAS,REG,WAS,DAL,25.0,3.0,22.0,7,6,1
2020,7,2020_07_TB_LV,REG,LV,TB,20.0,45.0,-25.0,14,7,0
2020,7,2020_07_KC_DEN,REG,DEN,KC,16.0,43.0,-27.0,7,6,1
2020,7,2020_07_JAX_LAC,REG,LAC,JAX,39.0,29.0,10.0,13,7,0
2020,7,2020_07_SF_NE,REG,NE,SF,6.0,33.0,-27.0,7,7,0
2020,7,2020_07_SEA_ARI,REG,ARI,SEA,37.0,34.0,3.0,6,14,1
2020,7,2020_07_CHI_LA,REG,LA,CHI,24.0,10.0,14.0,8,8,0
2020,8,2020_08_ATL_CAR,REG,CAR,ATL,17.0,25.0,-8.0,4,4,1
2020,8,2020_08_PIT_BAL,REG,BAL,PIT,24.0,28.0,-4.0,14,7,1
2020,8,2020_08_NE_BUF,REG,BUF,NE,24.0,21.0,3.0,7,7,1
2020,8,2020_08_TEN_CIN,REG,CIN,TEN,31.0,20.0,11.0,7,7,0
2020,8,2020_08_LV_CLE,REG,CLE,LV,6.0,16.0,-10.0,7,7,0
2020,8,2020_08_IND_DET,REG,DET,IND,21.0,41.0,-20.0,7,14,0
2020,8,2020_08_MIN_GB,REG,GB,MIN,22.0,28.0,-6.0,7,14,1
2020,8,2020_08_NYJ_KC,REG,KC,NYJ,35.0,9.0,26.0,7,7,0
2020,8,2020_08_LA_MIA,REG,MIA,LA,28.0,17.0,11.0,14,6,0
2020,8,2020_08_LAC_DEN,REG,DEN,LAC,31.0,30.0,1.0,7,7,1
2020,8,2020_08_NO_CHI,REG,CHI,NO,23.0,26.0,-3.0,6,7,0
2020,8,2020_08_SF_SEA,REG,SEA,SF,37.0,27.0,10.0,7,7,1
2020,8,2020_08_DAL_PHI,REG,PHI,DAL,23.0,9.0,14.0,10,7,1
2020,8,2020_08_TB_NYG,REG,NYG,TB,23.0,25.0,-2.0,11,8,0
2020,9,2020_09_GB_SF,REG,SF,GB,17.0,34.0,-17.0,4,4,0
2020,9,2020_09_DEN_ATL,REG,ATL,DEN,34.0,27.0,7.0,10,7,0
2020,9,2020_09_SEA_BUF,REG,BUF,SEA,44.0,34.0,10.0,7,7,0
2020,9,2020_09_BAL_IND,REG,IND,BAL,10.0,24.0,-14.0,7,7,0
2020,9,2020_09_HOU_JAX,REG,JAX,HOU,25.0,27.0,-2.0,14,14,1
2020,9,2020_09_CAR_KC,REG,KC,CAR,33.0,31.0,2.0,7,10,0
2020,9,2020_09_DET_MIN,REG,MIN,DET,34.0,20.0,14.0,7,7,1
2020,9,2020_09_CHI_TEN,REG,TEN,CHI,24.0,17.0,7.0,7,7,0
2020,9,2020_09_NYG_WAS,REG,WAS,NYG,20.0,23.0,-3.0,14,6,1
2020,9,2020_09_LV_LAC,REG,LAC,LV,26.0,31.0,-5.0,7,7,1
2020,9,2020_09_MIA_ARI,REG,ARI,MIA,31.0,34.0,-3.0,14,7,0
2020,9,2020_09_PIT_DAL,REG,DAL,PIT,19.0,24.0,-5.0,7,7,0
2020,9,2020_09_NO_TB,REG,TB,NO,3.0,38.0,-35.0,6,7,1
2020,9,2020_09_NE_NYJ,REG,NYJ,NE,27.0,30.0,-3.0,8,8,1
2020,10,2020_10_IND_TEN,REG,TEN,IND,17.0,34.0,-17.0,4,4,1
2020,10,2020_10_TB_CAR,REG,CAR,TB,23.0,46.0,-23.0,7,7,1
2020,10,2020_10_HOU_CLE,REG,CLE,HOU,10.0,7.0,3.0,14,7,0
2020,10,2020_10_WAS_DET,REG,DET,WAS,30.0,27.0,3.0,7,7,0
2020,10,2020_10_JAX_GB,REG,GB,JAX,24.0,20.0,4.0,10,7,0
2020,10,2020_10_PHI_NYG,REG,NYG,PHI,27.0,17.0,10.0,7,14,1
2020,10,2020_10_BUF_ARI,REG,ARI,BUF,32.0,30.0,2.0,7,7,0
2020,10,2020_10_DEN_LV,REG,LV,DEN,37.0,12.0,25.0,7,7,1
2020,10,2020_10_LAC_MIA,REG,MIA,LAC,29.0,21.0,8.0,7,7,0
2020,10,2020_10_SEA_LA,REG,LA,SEA,23.0,16.0,7.0,14,7,1
2020,10,2020_10_SF_NO,REG,NO,SF,27.0,13.0,14.0,7,10,0
2020,10,2020_10_CIN_PIT,REG,PIT,CIN,36.0,10.0,26.0,7,14,1
2020,10,2020_10_BAL_NE,REG,NE,BAL,23.0,17.0,6.0,6,7,0
2020,10,2020_10_MIN_CHI,REG,CHI,MIN,13.0,19.0,-6.0,8,8,1
2020,11,2020_11_ARI_SEA,REG,SEA,ARI,28.0,21.0,7.0,4,4,1
2020,11,2020_11_TEN_BAL,REG,BAL,TEN,24.0,30.0,-6.0,7,10,0
2020,11,2020_11_DET_CAR,REG,CAR,DET,20.0,0.0,20.0,7,7,0
2020,11,2020_11_PHI_CLE,REG,CLE,PHI,22.0,17.0,5.0,7,7,0
2020,11,2020_11_NE_HOU,REG,HOU,NE,27.0,20.0,7.0,7,7,0
2020,11,2020_11_PIT_JAX,REG,JAX,PIT,3.0,27.0,-24.0,7,7,0
2020,11,2020_11_ATL_NO,REG,NO,ATL,24.0,9.0,15.0,7,14,1
2020,11,2020_11_CIN_WAS,REG,WAS,CIN,20.0,9.0,11.0,7,7,0
2020,11,2020_11_MIA_DEN,REG,DEN,MIA,20.0,13.0,7.0,7,7,0
2020,11,2020_11_NYJ_LAC,REG,LAC,NYJ,34.0,28.0,6.0,7,13,0
2020,11,2020_11_GB_IND,REG,IND,GB,34.0,31.0,3.0,10,7,0
2020,11,2020_11_DAL_MIN,REG,MIN,DAL,28.0,31.0,-3.0,6,14,0
2020,11,2020_11_KC_LV,REG,LV,KC,31.0,35.0,-4.0,7,14,1
2020,11,2020_11_LA_TB,REG,TB,LA,24.0,27.0,-3.0,8,8,0
2020,12,2020_12_HOU_DET,REG,DET,HOU,25.0,41.0,-16.0,4,4,0
2020,12,2020_12_WAS_DAL,REG,DAL,WAS,16.0,41.0,-25.0,4,4,1
2020,12,2020_12_LV_ATL,REG,ATL,LV,43.0,6.0,37.0,7,7,0
2020,12,2020_12_LAC_BUF,REG,BUF,LAC,27.0,17.0,10.0,14,7,0
2020,12,2020_12_NYG_CIN,REG,CIN,NYG,17.0,19.0,-2.0,7,14,0
2020,12,2020_12_TEN_IND,REG,IND,TEN,26.0,45.0,-19.0,7,7,1
2020,12,2020_12_CLE_JAX,REG,JAX,CLE,25.0,27.0,-2.0,7,7,0
2020,12,2020_12_CAR_MIN,REG,MIN,CAR,28.0,27.0,1.0,7,7,0
2020,12,2020_12_ARI_NE,REG,NE,ARI,20.0,17.0,3.0,7,10,0
2020,12,2020_12_MIA_NYJ,REG,NYJ,MIA,3.0,20.0,-17.0,7,7,1
2020,12,2020_12_NO_DEN,REG,DEN,NO,3.0,31.0,-28.0,7,7,0
2020,12,2020_12_SF_LA,REG,LA,SF,20.0,23.0,-3.0,6,14,1
2020,12,2020_12_KC_TB,REG,TB,KC,24.0,27.0,-3.0,6,7,0
2020,12,2020_12_CHI_GB,REG,GB,CHI,41.0,25.0,16.0,7,13,1
2020,12,2020_12_SEA_PHI,REG,PHI,SEA,17.0,23.0,-6.0,8,11,0
2020,12,2020_12_BAL_PIT,REG,PIT,BAL,19.0,14.0,5.0,10,10,1
2020,13,2020_13_NO_ATL,REG,ATL,NO,16.0,21.0,-5.0,7,7,1
2020,13,2020_13_DET_CHI,REG,CHI,DET,30.0,34.0,-4.0,7,10,1
2020,13,2020_13_IND_HOU,REG,HOU,IND,20.0,26.0,-6.0,10,7,1
2020,13,2020_13_CIN_MIA,REG,MIA,CIN,19.0,7.0,12.0,7,7,0
2020,13,2020_13_JAX_MIN,REG,MIN,JAX,27.0,24.0,3.0,7,7,0
2020,13,2020_13_LV_NYJ,REG,NYJ,LV,28.0,31.0,-3.0,7,7,0
2020,13,2020_13_CLE_TEN,REG,TEN,CLE,35.0,41.0,-6.0,7,7,0
2020,13,2020_13_LA_ARI,REG,ARI,LA,28.0,38.0,-10.0,7,7,1
2020,13,2020_13_NYG_SEA,REG,SEA,NYG,12.0,17.0,-5.0,6,7,0
2020,13,2020_13_PHI_GB,REG,GB,PHI,30.0,16.0,14.0,7,6,0
2020,13,2020_13_NE_LAC,REG,LAC,NE,0.0,45.0,-45.0,7,7,0
2020,13,2020_13_DEN_KC,REG,KC,DEN,22.0,16.0,6.0,7,7,1
2020,13,2020_13_WAS_PIT,REG,PIT,WAS,17.0,23.0,-6.0,5,11,0
2020,13,2020_13_BUF_SF,REG,SF,BUF,24.0,34.0,-10.0,8,8,0
2020,13,2020_13_DAL_BAL,REG,BAL,DAL,34.0,17.0,17.0,6,12,0
2020,14,2020_14_NE_LA,REG,LA,NE,24.0,3.0,21.0,4,4,0
2020,14,2020_14_DEN_CAR,REG,CAR,DEN,27.0,32.0,-5.0,14,7,0
2020,14,2020_14_HOU_CHI,REG,CHI,HOU,36.0,7.0,29.0,7,7,0
2020,14,2020_14_DAL_CIN,REG,CIN,DAL,7.0,30.0,-23.0,7,5,0
2020,14,2020_14_TEN_JAX,REG,JAX,TEN,10.0,31.0,-21.0,7,7,1
2020,14,2020_14_KC_MIA,REG,MIA,KC,27.0,33.0,-6.0,7,7,0
2020,14,2020_14_ARI_NYG,REG,NYG,ARI,7.0,26.0,-19.0,7,7,0
2020,14,2020_14_MIN_TB,REG,TB,MIN,26.0,14.0,12.0,14,7,0
2020,14,2020_14_IND_LV,REG,LV,IND,27.0,44.0,-17.0,7,7,0
2020,14,2020_14_NYJ_SEA,REG,SEA,NYJ,40.0,3.0,37.0,7,7,0
2020,14,2020_14_GB_DET,REG,DET,GB,24.0,31.0,-7.0,7,7,1
2020,14,2020_14_ATL_LAC,REG,LAC,ATL,20.0,17.0,3.0,7,7,0
2020,14,2020_14_NO_PHI,REG,PHI,NO,24.0,21.0,3.0,7,7,0
2020,14,2020_14_WAS_SF,REG,SF,WAS,15.0,23.0,-8.0,6,6,0
2020,14,2020_14_PIT_BUF,REG,BUF,PIT,26.0,15.0,11.0,6,6,0
2020,14,2020_14_BAL_CLE,REG,CLE,BAL,42.0,47.0,-5.0,8,6,1
2020,15,2020_15_LAC_LV,REG,LV,LAC,27.0,30.0,-3.0,4,4,1
2020,15,2020_15_BUF_DEN,REG,DEN,BUF,19.0,48.0,-29.0,6,6,0
2020,15,2020_15_CAR_GB,REG,GB,CAR,24.0,16.0,8.0,6,6,0
2020,15,2020_15_TB_ATL,REG,ATL,TB,27.0,31.0,-4.0,7,7,1
2020,15,2020_15_JAX_BAL,REG,BAL,JAX,40.0,14.0,26.0,6,7,0
2020,15,2020_15_SF_DAL,REG,DAL,SF,41.0,33.0,8.0,7,7,0
2020,15,2020_15_HOU_IND,REG,IND,HOU,27.0,20.0,7.0,7,7,1
2020,15,2020_15_NE_MIA,REG,MIA,NE,22.0,12.0,10.0,7,10,1
2020,15,2020_15_CHI_MIN,REG,MIN,CHI,27.0,33.0,-6.0,7,7,1
2020,15,2020_15_DET_TEN,REG,TEN,DET,46.0,25.0,21.0,7,7,0
2020,15,2020_15_SEA_WAS,REG,WAS,SEA,15.0,20.0,-5.0,7,7,0
2020,15,2020_15_PHI_ARI,REG,ARI,PHI,33.0,26.0,7.0,7,7,0
2020,15,2020_15_NYJ_LA,REG,LA,NYJ,20.0,23.0,-3.0,10,7,0
2020,15,2020_15_KC_NO,REG,NO,KC,29.0,32.0,-3.0,7,7,0
2020,15,2020_15_CLE_NYG,REG,NYG,CLE,6.0,20.0,-14.0,7,6,0
2020,15,2020_15_PIT_CIN,REG,CIN,PIT,27.0,17.0,10.0,8,8,1
2020,16,2020_16_MIN_NO,REG,NO,MIN,52.0,33.0,19.0,5,5,0
2020,16,2020_16_TB_DET,REG,DET,TB,7.0,47.0,-40.0,6,6,0
2020,16,2020_16_SF_ARI,REG,ARI,SF,12.0,20.0,-8.0,6,6,1
2020,16,2020_16_MIA_LV,REG,LV,MIA,25.0,26.0,-1.0,9,6,0
2020,16,2020_16_NYG_BAL,REG,BAL,NYG,27.0,13.0,14.0,7,7,0
2020,16,2020_16_CIN_HOU,REG,HOU,CIN,31.0,37.0,-6.0,7,6,0
2020,16,2020_16_CHI_JAX,REG,JAX,CHI,17.0,41.0,-24.0,7,7,0
2020,16,2020_16_ATL_KC,REG,KC,ATL,17.0,14.0,3.0,7,7,0
2020,16,2020_16_CLE_NYJ,REG,NYJ,CLE,23.0,16.0,7.0,7,7,0
2020,16,2020_16_IND_PIT,REG,PIT,IND,28.0,24.0,4.0,6,7,0
2020,16,2020_16_DEN_LAC,REG,LAC,DEN,19.0,16.0,3.0,10,8,1
2020,16,2020_16_CAR_WAS,REG,WAS,CAR,13.0,20.0,-7.0,7,8,0
2020,16,2020_16_PHI_DAL,REG,DAL,PHI,37.0,17.0,20.0,7,7,1
2020,16,2020_16_LA_SEA,REG,SEA,LA,20.0,9.0,11.0,7,7,1
2020,16,2020_16_TEN_GB,REG,GB,TEN,40.0,14.0,26.0,8,7,0
2020,16,2020_16_BUF_NE,REG,NE,BUF,9.0,38.0,-29.0,8,9,1
2020,17,2020_17_MIA_BUF,REG,BUF,MIA,56.0,26.0,30.0,6,8,1
2020,17,2020_17_BAL_CIN,REG,CIN,BAL,3.0,38.0,-35.0,7,7,1
2020,17,2020_17_PIT_CLE,REG,CLE,PIT,24.0,22.0,2.0,7,7,1
2020,17,2020_17_MIN_DET,REG,DET,MIN,35.0,37.0,-2.0,8,9,1
2020,17,2020_17_NYJ_NE,REG,NE,NYJ,28.0,14.0,14.0,6,7,1
2020,17,2020_17_DAL_NYG,REG,NYG,DAL,23.0,19.0,4.0,7,7,1
2020,17,2020_17_ATL_TB,REG,TB,ATL,44.0,27.0,17.0,8,7,1
2020,17,2020_17_NO_CAR,REG,CAR,NO,7.0,33.0,-26.0,7,9,1
2020,17,2020_17_GB_CHI,REG,CHI,GB,16.0,35.0,-19.0,7,7,1
2020,17,2020_17_LV_DEN,REG,DEN,LV,31.0,32.0,-1.0,7,8,1
2020,17,2020_17_TEN_HOU,REG,HOU,TEN,38.0,41.0,-3.0,7,7,1
2020,17,2020_17_JAX_IND,REG,IND,JAX,28.0,14.0,14.0,7,7,1
2020,17,2020_17_LAC_KC,REG,KC,LAC,21.0,38.0,-17.0,7,7,1
2020,17,2020_17_ARI_LA,REG,LA,ARI,18.0,7.0,11.0,7,8,1
2020,17,2020_17_SEA_SF,REG,SF,SEA,23.0,26.0,-3.0,8,7,1
2020,17,2020_17_WAS_PHI,REG,PHI,WAS,14.0,20.0,-6.0,7,7,1
2021,1,2021_01_DAL_TB,REG,TB,DAL,31.0,29.0,2.0,7,7,0
2021,1,2021_01_PHI_ATL,REG,ATL,PHI,6.0,32.0,-26.0,7,7,0
2021,1,2021_01_PIT_BUF,REG,BUF,PIT,16.0,23.0,-7.0,7,7,0
2021,1,2021_01_NYJ_CAR,REG,CAR,NYJ,19.0,14.0,5.0,7,7,0
2021,1,2021_01_MIN_CIN,REG,CIN,MIN,27.0,24.0,3.0,7,7,0
2021,1,2021_01_SF_DET,REG,DET,SF,33.0,41.0,-8.0,7,7,0
2021,1,2021_01_JAX_HOU,REG,HOU,JAX,37.0,21.0,16.0,7,7,1
2021,1,2021_01_SEA_IND,REG,IND,SEA,16.0,28.0,-12.0,7,7,0
2021,1,2021_01_ARI_TEN,REG,TEN,ARI,13.0,38.0,-25.0,7,7,0
2021,1,2021_01_LAC_WAS,REG,WAS,LAC,16.0,20.0,-4.0,7,7,0
2021,1,2021_01_CLE_KC,REG,KC,CLE,33.0,29.0,4.0,7,7,0
2021,1,2021_01_MIA_NE,REG,NE,MIA,16.0,17.0,-1.0,7,7,1
2021,1,2021_01_GB_NO,REG,NO,GB,38.0,3.0,35.0,7,7,0
2021,1,2021_01_DEN_NYG,REG,NYG,DEN,13.0,27.0,-14.0,7,7,0
2021,1,2021_01_CHI_LA,REG,LA,CHI,34.0,14.0,20.0,7,7,0
2021,1,2021_01_BAL_LV,REG,LV,BAL,33.0,27.0,6.0,7,7,0
2021,2,2021_02_NYG_WAS,REG,WAS,NYG,30.0,29.0,1.0,4,4,1
2021,2,2021_02_NO_CAR,REG,CAR,NO,26.0,7.0,19.0,7,7,1
2021,2,2021_02_CIN_CHI,REG,CHI,CIN,20.0,17.0,3.0,7,7,0
2021,2,2021_02_HOU_CLE,REG,CLE,HOU,31.0,21.0,10.0,7,7,0
2021,2,2021_02_LA_IND,REG,IND,LA,24.0,27.0,-3.0,7,7,0
2021,2,2021_02_DEN_JAX,REG,JAX,DEN,13.0,23.0,-10.0,7,7,0
2021,2,2021_02_BUF_MIA,REG,MIA,BUF,0.0,35.0,-35.0,7,7,1
2021,2,2021_02_NE_NYJ,REG,NYJ,NE,6.0,25.0,-19.0,7,7,1
2021,2,2021_02_SF_PHI,REG,PHI,SF,11.0,17.0,-6.0,7,7,0
2021,2,2021_02_LV_PIT,REG,PIT,LV,17.0,26.0,-9.0,7,6,0
2021,2,2021_02_MIN_ARI,REG,ARI,MIN,34.0,33.0,1.0,7,7,0
2021,2,2021_02_ATL_TB,REG,TB,ATL,48.0,25.0,23.0,10,7,1
2021,2,2021_02_DAL_LAC,REG,LAC,DAL,17.0,20.0,-3.0,7,10,0
2021,2,2021_02_TEN_SEA,REG,SEA,TEN,30.0,33.0,-3.0,7,7,0
2021,2,2021_02_KC_BAL,REG,BAL,KC,36.0,35.0,1.0,6,7,0
2021,2,2021_02_DET_GB,REG,GB,DET,35.0,17.0,18.0,8,8,1
2021,3,2021_03_CAR_HOU,REG,HOU,CAR,9.0,24.0,-15.0,4,4,0
2021,3,2021_03_WAS_BUF,REG,BUF,WAS,43.0,21.0,22.0,7,10,0
2021,3,2021_03_CHI_CLE,REG,CLE,CHI,26.0,6.0,20.0,7,7,0
2021,3,2021_03_BAL_DET,REG,DET,BAL,17.0,19.0,-2.0,6,7,0
2021,3,2021_03_ARI_JAX,REG,JAX,ARI,19.0,31.0,-12.0,7,7,0
2021,3,2021_03_LAC_KC,REG,KC,LAC,24.0,30.0,-6.0,7,7,1
2021,3,2021_03_NO_NE,REG,NE,NO,13.0,28.0,-15.0,7,7,0
2021,3,2021_03_ATL_NYG,REG,NYG,ATL,14.0,17.0,-3.0,10,7,0
2021,3,2021_03_CIN_PIT,REG,PIT,CIN,10.0,24.0,-14.0,7,7,1
2021,3,2021_03_IND_TEN,REG,TEN,IND,25.0,16.0,9.0,7,7,1
2021,3,2021_03_NYJ_DEN,REG,DEN,NYJ,26.0,0.0,26.0,7,7,0
2021,3,2021_03_MIA_LV,REG,LV,MIA,31.0,28.0,3.0,7,7,0
2021,3,2021_03_TB_LA,REG,LA,TB,34.0,24.0,10.0,7,7,0
2021,3,2021_03_SEA_MIN,REG,MIN,SEA,30.0,17.0,13.0,7,7,0
2021,3,2021_03_GB_SF,REG,SF,GB,28.0,30.0,-2.0,7,6,0
2021,3,2021_03_PHI_DAL,REG,DAL,PHI,41.0,21.0,20.0,8,8,1
2021,4,2021_04_JAX_CIN,REG,CIN,JAX,24.0,21.0,3.0,4,4,0
2021,4,2021_04_WAS_ATL,REG,ATL,WAS,30.0,34.0,-4.0,7,7,0
2021,4,2021_04_HOU_BUF,REG,BUF,HOU,40.0,0.0,40.0,7,10,0
2021,4,2021_04_DET_CHI,REG,CHI,DET,24.0,14.0,10.0,7,7,1
2021,4,2021_04_CAR_DAL,REG,DAL,CAR,36.0,28.0,8.0,6,10,0
2021,4,2021_04_IND_MIA,REG,MIA,IND,17.0,27.0,-10.0,7,7,0
2021,4,2021_04_CLE_MIN,REG,MIN,CLE,7.0,14.0,-7.0,7,7,0
2021,4,2021_04_NYG_NO,REG,NO,NYG,21.0,27.0,-6.0,7,7,0
2021,4,2021_04_TEN_NYJ,REG,NYJ,TEN,27.0,24.0,3.0,7,7,0
2021,4,2021_04_KC_PHI,REG,PHI,KC,30.0,42.0,-12.0,6,7,0
2021,4,2021_04_ARI_LA,REG,LA,ARI,20.0,37.0,-17.0,7,7,1
2021,4,2021_04_SEA_SF,REG,SF,SEA,21.0,28.0,-7.0,7,7,1
2021,4,2021_04_BAL_DEN,REG,DEN,BAL,7.0,23.0,-16.0,7,7,0
2021,4,2021_04_PIT_GB,REG,GB,PIT,27.0,17.0,10.0,7,7,0
2021,4,2021_04_TB_NE,REG,NE,TB,17.0,19.0,-2.0,7,7,0
2021,4,2021_04_LV_LAC,REG,LAC,LV,28.0,14.0,14.0,8,8,1
2021,5,2021_05_LA_SEA,REG,SEA,LA,17.0,26.0,-9.0,4,4,1
2021,5,2021_05_NYJ_ATL,REG,ATL,NYJ,27.0,20.0,7.0,7,7,0
2021,5,2021_05_PHI_CAR,REG,CAR,PHI,18.0,21.0,-3.0,7,7,0
2021,5,2021_05_GB_CIN,REG,CIN,GB,22.0,25.0,-3.0,10,7,0
2021,5,2021_05_NE_HOU,REG,HOU,NE,22.0,25.0,-3.0,7,7,0
2021,5,2021_05_TEN_JAX,REG,JAX,TEN,19.0,37.0,-18.0,10,7,1
2021,5,2021_05_DET_MIN,REG,MIN,DET,19.0,17.0,2.0,7,7,1
2021,5,2021_05_DEN_PIT,REG,PIT,DEN,27.0,19.0,8.0,7,7,0
2021,5,2021_05_MIA_TB,REG,TB,MIA,45.0,17.0,28.0,7,7,0
2021,5,2021_05_NO_WAS,REG,WAS,NO,22.0,33.0,-11.0,7,7,0
2021,5,2021_05_CLE_LAC,REG,LAC,CLE,47.0,42.0,5.0,6,7,0
2021,5,2021_05_CHI_LV,REG,LV,CHI,9.0,20.0,-11.0,6,7,0
2021,5,2021_05_SF_ARI,REG,ARI,SF,17.0,10.0,7.0,7,7,1
2021,5,2021_05_NYG_DAL,REG,DAL,NYG,44.0,20.0,24.0,7,7,1
2021,5,2021_05_BUF_KC,REG,KC,BUF,20.0,38.0,-18.0,7,7,0
2021,5,2021_05_IND_BAL,REG,BAL,IND,31.0,25.0,6.0,8,8,0
2021,6,2021_06_TB_PHI,REG,PHI,TB,22.0,28.0,-6.0,4,4,0
2021,6,2021_06_MIA_JAX,REG,JAX,MIA,23.0,20.0,3.0,7,7,0
2021,6,2021_06_LAC_BAL,REG,BAL,LAC,34.0,6.0,28.0,6,7,0
2021,6,2021_06_MIN_CAR,REG,CAR,MIN,28.0,34.0,-6.0,7,7,0
2021,6,2021_06_GB_CHI,REG,CHI,GB,14.0,24.0,-10.0,7,7,1
2021,6,2021_06_CIN_DET,REG,DET,CIN,11.0,34.0,-23.0,7,7,0
2021,6,2021_06_HOU_IND,REG,IND,HOU,31.0,3.0,28.0,6,7,1
2021,6,2021_06_LA_NYG,REG,NYG,LA,11.0,38.0,-27.0,7,10,0
2021,6,2021_06_KC_WAS,REG,WAS,KC,13.0,31.0,-18.0,7,7,0
2021,6,2021_06_ARI_CLE,REG,CLE,ARI,14.0,37.0,-23.0,7,7,0
2021,6,2021_06_LV_DEN,REG,DEN,LV,24.0,34.0,-10.0,7,7,1
2021,6,2021_06_DAL_NE,REG,NE,DAL,29.0,35.0,-6.0,7,7,0
2021,6,2021_06_SEA_PIT,REG,PIT,SEA,23.0,20.0,3.0,7,10,0
2021,6,2021_06_BUF_TEN,REG,TEN,BUF,34.0,31.0,3.0,8,8,0
2021,7,2021_07_DEN_CLE,REG,CLE,DEN,17.0,14.0,3.0,4,4,0
2021,7,2021_07_CIN_BAL,REG,BAL,CIN,17.0,41.0,-24.0,7,7,1
2021,7,2021_07_WAS_GB,REG,GB,WAS,24.0,10.0,14.0,7,7,0
2021,7,2021_07_ATL_MIA,REG,MIA,ATL,28.0,30.0,-2.0,7,14,0
2021,7,2021_07_NYJ_NE,REG,NE,NYJ,54.0,13.0,41.0,7,14,1
2021,7,2021_07_CAR_NYG,REG,NYG,CAR,25.0,3.0,22.0,7,7,0
2021,7,2021_07_KC_TEN,REG,TEN,KC,27.0,3.0,24.0,6,7,0
2021,7,2021_07_DET_LA,REG,LA,DET,28.0,19.0,9.0,7,7,0
2021,7,2021_07_PHI_LV,REG,LV,PHI,33.0,22.0,11.0,7,10,0
2021,7,2021_07_HOU_ARI,REG,ARI,HOU,31.0,5.0,26.0,7,7,0
2021,7,2021_07_CHI_TB,REG,TB,CHI,38.0,3.0,35.0,10,7,0
2021,7,2021_07_IND_SF,REG,SF,IND,18.0,30.0,-12.0,14,7,0
2021,7,2021_07_NO_SEA,REG,SEA,NO,10.0,13.0,-3.0,8,15,0
2021,8,2021_08_GB_ARI,REG,ARI,GB,21.0,24.0,-3.0,4,4,0
2021,8,2021_08_CAR_ATL,REG,ATL,CAR,13.0,19.0,-6.0,7,7,1
2021,8,2021_08_MIA_BUF,REG,BUF,MIA,26.0,11.0,15.0,13,7,1
2021,8,2021_08_SF_CHI,REG,CHI,SF,22.0,33.0,-11.0,7,7,0
2021,8,2021_08_PIT_CLE,REG,CLE,PIT,10.0,15.0,-5.0,10,14,1
2021,8,2021_08_PHI_DET,REG,DET,PHI,6.0,44.0,-38.0,7,7,0
2021,8,2021_08_LA_HOU,REG,HOU,LA,22.0,38.0,-16.0,7,7,0
2021,8,2021_08_TEN_IND,REG,IND,TEN,31.0,34.0,-3.0,7,7,1
2021,8,2021_08_CIN_NYJ,REG,NYJ,CIN,34.0,31.0,3.0,7,7,0
2021,8,2021_08_NE_LAC,REG,LAC,NE,24.0,27.0,-3.0,14,7,0
2021,8,2021_08_JAX_SEA,REG,SEA,JAX,31.0,7.0,24.0,6,14,0
2021,8,2021_08_WAS_DEN,REG,DEN,WAS,17.0,10.0,7.0,10,7,0
2021,8,2021_08_TB_NO,REG,NO,TB,36.0,27.0,9.0,6,7,1
2021,8,2021_08_DAL_MIN,REG,MIN,DAL,16.0,20.0,-4.0,14,14,0
2021,8,2021_08_NYG_KC,REG,KC,NYG,20.0,17.0,3.0,8,8,0
2021,9,2021_09_NYJ_IND,REG,IND,NYJ,45.0,30.0,15.0,4,4,0
2021,9,2021_09_MIN_BAL,REG,BAL,MIN,34.0,31.0,3.0,14,7,0
2021,9,2021_09_NE_CAR,REG,CAR,NE,6.0,24.0,-18.0,7,7,0
2021,9,2021_09_CLE_CIN,REG,CIN,CLE,16.0,41.0,-25.0,7,7,1
2021,9,2021_09_DEN_DAL,REG,DAL,DEN,16.0,30.0,-14.0,7,7,0
2021,9,2021_09_BUF_JAX,REG,JAX,BUF,9.0,6.0,3.0,7,7,0
2021,9,2021_09_HOU_MIA,REG,MIA,HOU,17.0,9.0,8.0,7,7,0
2021,9,2021_09_ATL_NO,REG,NO,ATL,25.0,27.0,-2.0,7,7,1
2021,9,2021_09_LV_NYG,REG,NYG,LV,23.0,16.0,7.0,6,14,0
2021,9,2021_09_LAC_PHI,REG,PHI,LAC,24.0,27.0,-3.0,7,7,0
2021,9,2021_09_GB_KC,REG,KC,GB,13.0,7.0,6.0,6,10,0
2021,9,2021_09_ARI_SF,REG,SF,ARI,17.0,31.0,-14.0,7,10,1
2021,9,2021_09_TEN_LA,REG,LA,TEN,16.0,28.0,-12.0,7,7,0
2021,9,2021_09_CHI_PIT,REG,PIT,CHI,29.0,27.0,2.0,8,8,0
2021,10,2021_10_BAL_MIA,REG,MIA,BAL,22.0,10.0,12.0,4,4,0
2021,10,2021_10_ATL_DAL,REG,DAL,ATL,43.0,3.0,40.0,7,7,0
2021,10,2021_10_JAX_IND,REG,IND,JAX,23.0,17.0,6.0,10,7,1
2021,10,2021_10_CLE_NE,REG,NE,CLE,45.0,7.0,38.0,7,7,0
2021,10,2021_10_BUF_NYJ,REG,NYJ,BUF,17.0,45.0,-28.0,10,7,1
2021,10,2021_10_DET_PIT,REG,PIT,DET,16.0,16.0,0.0,6,14,0
2021,10,2021_10_NO_TEN,REG,TEN,NO,23.0,21.0,2.0,7,7,0
2021,10,2021_10_TB_WAS,REG,WAS,TB,29.0,19.0,10.0,14,14,0
2021,10,2021_10_CAR_ARI,REG,ARI,CAR,10.0,34.0,-24.0,7,7,0
2021,10,2021_10_MIN_LAC,REG,LAC,MIN,20.0,27.0,-7.0,7,7,0
2021,10,2021_10_PHI_DEN,REG,DEN,PHI,13.0,30.0,-17.0,7,7,0
2021,10,2021_10_SEA_GB,REG,GB,SEA,17.0,0.0,17.0,7,14,0
2021,10,2021_10_KC_LV,REG,LV,KC,14.0,41.0,-27.0,7,7,1
2021,10,2021_10_LA_SF,REG,SF,LA,31.0,10.0,21.0,8,8,1
2021,11,2021_11_NE_ATL,REG,ATL,NE,0.0,25.0,-25.0,4,4,0
2021,11,2021_11_IND_BUF,REG,BUF,IND,15.0,41.0,-26.0,7,7,0
2021,11,2021_11_WAS_CAR,REG,CAR,WAS,21.0,27.0,-6.0,7,7,0
2021,11,2021_11_BAL_CHI,REG,CHI,BAL,13.0,16.0,-3.0,13,10,0
2021,11,2021_11_DET_CLE,REG,CLE,DET,13.0,10.0,3.0,7,7,0
2021,11,2021_11_SF_JAX,REG,JAX,SF,10.0,30.0,-20.0,7,6,0
2021,11,2021_11_GB_MIN,REG,MIN,GB,34.0,31.0,3.0,7,7,1
2021,11,2021_11_MIA_NYJ,REG,NYJ,MIA,17.0,24.0,-7.0,7,10,1
2021,11,2021_11_NO_PHI,REG,PHI,NO,40.0,29.0,11.0,7,7,0
2021,11,2021_11_HOU_TEN,REG,TEN,HOU,13.0,22.0,-9.0,7,14,1
2021,11,2021_11_CIN_LV,REG,LV,CIN,13.0,32.0,-19.0,7,14,0
2021,11,2021_11_DAL_KC,REG,KC,DAL,19.0,9.0,10.0,7,7,0
2021,11,2021_11_ARI_SEA,REG,SEA,ARI,13.0,23.0,-10.0,7,7,1
2021,11,2021_11_PIT_LAC,REG,LAC,PIT,41.0,37.0,4.0,7,7,0
2021,11,2021_11_NYG_TB,REG,TB,NYG,30.0,10.0,20.0,8,15,0
2021,12,2021_12_CHI_DET,REG,DET,CHI,14.0,16.0,-2.0,4,4,1
2021,12,2021_12_LV_DAL,REG,DAL,LV,33.0,36.0,-3.0,4,4,0
2021,12,2021_12_BUF_NO,REG,NO,BUF,6.0,31.0,-25.0,4,4,0
2021,12,2021_12_PIT_CIN,REG,CIN,PIT,41.0,10.0,31.0,7,7,1
2021,12,2021_12_NYJ_HOU,REG,HOU,NYJ,14.0,21.0,-7.0,7,7,0
2021,12,2021_12_TB_IND,REG,IND,TB,31.0,38.0,-7.0,7,6,0
2021,12,2021_12_ATL_JAX,REG,JAX,ATL,14.0,21.0,-7.0,7,10,0
2021,12,2021_12_CAR_MIA,REG,MIA,CAR,33.0,10.0,23.0,7,7,0
2021,12,2021_12_TEN_NE,REG,NE,TEN,36.0,13.0,23.0,10,7,0
2021,12,2021_12_PHI_NYG,REG,NYG,PHI,13.0,7.0,6.0,6,7,1
2021,12,2021_12_LAC_DEN,REG,DEN,LAC,28.0,13.0,15.0,14,7,1
2021,12,2021_12_LA_GB,REG,GB,LA,36.0,28.0,8.0,7,13,0
2021,12,2021_12_MIN_SF,REG,SF,MIN,34.0,26.0,8.0,7,7,0
2021,12,2021_12_CLE_BAL,REG,BAL,CLE,16.0,10.0,6.0,7,7,1
2021,12,2021_12_SEA_WAS,REG,WAS,SEA,17.0,15.0,2.0,8,8,0
2021,13,2021_13_DAL_NO,REG,NO,DAL,17.0,27.0,-10.0,7,7,0
2021,13,2021_13_TB_ATL,REG,ATL,TB,17.0,30.0,-13.0,7,7,1
2021,13,2021_13_ARI_CHI,REG,CHI,ARI,22.0,33.0,-11.0,10,14,0
2021,13,2021_13_LAC_CIN,REG,CIN,LAC,22.0,41.0,-19.0,7,7,0
2021,13,2021_13_MIN_DET,REG,DET,MIN,29.0,27.0,2.0,10,7,1
2021,13,2021_13_IND_HOU,REG,HOU,IND,0.0,31.0,-31.0,7,7,1
2021,13,2021_13_NYG_MIA,REG,MIA,NYG,20.0,9.0,11.0,7,7,0
2021,13,2021_13_PHI_NYJ,REG,NYJ,PHI,18.0,33.0,-15.0,7,7,0
2021,13,2021_13_JAX_LA,REG,LA,JAX,37.0,7.0,30.0,7,7,0
2021,13,2021_13_WAS_LV,REG,LV,WAS,15.0,17.0,-2.0,10,6,0
2021,13,2021_13_BAL_PIT,REG,PIT,BAL,20.0,19.0,1.0,7,7,1
2021,13,2021_13_SF_SEA,REG,SEA,SF,30.0,23.0,7.0,6,7,1
2021,13,2021_13_DEN_KC,REG,KC,DEN,22.0,9.0,13.0,14,7,1
2021,13,2021_13_NE_BUF,REG,BUF,NE,10.0,14.0,-4.0,11,8,1
2021,14,2021_14_PIT_MIN,REG,MIN,PIT,36.0,28.0,8.0,4,4,0
2021,14,2021_14_ATL_CAR,REG,CAR,ATL,21.0,29.0,-8.0,14,7,1
2021,14,2021_14_BAL_CLE,REG,CLE,BAL,24.0,22.0,2.0,14,7,1
2021,14,2021_14_SEA_HOU,REG,HOU,SEA,13.0,33.0,-20.0,7,7,0
2021,14,2021_14_LV_KC,REG,KC,LV,48.0,9.0,39.0,7,7,1
2021,14,2021_14_NO_NYJ,REG,NYJ,NO,9.0,30.0,-21.0,7,10,0
2021,14,2021_14_JAX_TEN,REG,TEN,JAX,20.0,0.0,20.0,14,7,1
2021,14,2021_14_DAL_WAS,REG,WAS,DAL,20.0,27.0,-7.0,7,10,1
2021,14,2021_14_DET_DEN,REG,DEN,DET,38.0,10.0,28.0,7,7,0
2021,14,2021_14_NYG_LAC,REG,LAC,NYG,37.0,21.0,16.0,7,7,0
2021,14,2021_14_SF_CIN,REG,CIN,SF,23.0,26.0,-3.0,7,7,0
2021,14,2021_14_BUF_TB,REG,TB,BUF,33.0,27.0,6.0,7,6,0
2021,14,2021_14_CHI_GB,REG,GB,CHI,45.0,30.0,15.0,14,7,1
2021,14,2021_14_LA_ARI,REG,ARI,LA,23.0,30.0,-7.0,8,8,1
2021,15,2021_15_KC_LAC,REG,LAC,KC,28.0,34.0,-6.0,4,4,1
2021,15,2021_15_NE_IND,REG,IND,NE,27.0,17.0,10.0,14,13,0
2021,15,2021_15_CAR_BUF,REG,BUF,CAR,31.0,14.0,17.0,7,7,0
2021,15,2021_15_ARI_DET,REG,DET,ARI,30.0,12.0,18.0,7,6,0
2021,15,2021_15_HOU_JAX,REG,JAX,HOU,16.0,30.0,-14.0,7,7,1
2021,15,2021_15_NYJ_MIA,REG,MIA,NYJ,31.0,24.0,7.0,14,7,1
2021,15,2021_15_DAL_NYG,REG,NYG,DAL,6.0,21.0,-15.0,7,7,1
2021,15,2021_15_TEN_PIT,REG,PIT,TEN,19.0,13.0,6.0,10,7,0
2021,15,2021_15_CIN_DEN,REG,DEN,CIN,10.0,15.0,-5.0,7,7,0
2021,15,2021_15_ATL_SF,REG,SF,ATL,31.0,13.0,18.0,7,7,0
2021,15,2021_15_GB_BAL,REG,BAL,GB,30.0,31.0,-1.0,7,7,0
2021,15,2021_15_NO_TB,REG,TB,NO,0.0,9.0,-9.0,7,7,1
2021,15,2021_15_LV_CLE,REG,CLE,LV,14.0,16.0,-2.0,7,7,0
2021,15,2021_15_MIN_CHI,REG,CHI,MIN,9.0,17.0,-8.0,8,11,1
2021,15,2021_15_SEA_LA,REG,LA,SEA,20.0,10.0,10.0,6,7,1
2021,15,2021_15_WAS_PHI,REG,PHI,WAS,27.0,17.0,10.0,14,7,1
2021,16,2021_16_SF_TEN,REG,TEN,SF,20.0,17.0,3.0,4,4,0
2021,16,2021_16_CLE_GB,REG,GB,CLE,24.0,22.0,2.0,6,6,0
2021,16,2021_16_IND_ARI,REG,ARI,IND,16.0,22.0,-6.0,6,6,0
2021,16,2021_16_DET_ATL,REG,ATL,DET,20.0,16.0,4.0,7,7,0
2021,16,2021_16_TB_CAR,REG,CAR,TB,6.0,32.0,-26.0,7,7,1
2021,16,2021_16_BAL_CIN,REG,CIN,BAL,41.0,21.0,20.0,7,7,1
2021,16,2021_16_LAC_HOU,REG,HOU,LAC,41.0,29.0,12.0,7,10,0
2021,16,2021_16_LA_MIN,REG,MIN,LA,23.0,30.0,-7.0,6,7,0
2021,16,2021_16_BUF_NE,REG,NE,BUF,21.0,33.0,-12.0,7,7,1
2021,16,2021_16_JAX_NYJ,REG,NYJ,JAX,26.0,21.0,5.0,7,7,0
2021,16,2021_16_NYG_PHI,REG,PHI,NYG,34.0,10.0,24.0,7,7,1
2021,16,2021_16_CHI_SEA,REG,SEA,CHI,24.0,25.0,-1.0,7,6,0
2021,16,2021_16_PIT_KC,REG,KC,PIT,36.0,10.0,26.0,10,7,0
2021,16,2021_16_DEN_LV,REG,LV,DEN,17.0,13.0,4.0,7,7,1
2021,16,2021_16_WAS_DAL,REG,DAL,WAS,56.0,14.0,42.0,7,7,1
2021,16,2021_16_MIA_NO,REG,NO,MIA,3.0,20.0,-17.0,8,8,0
2021,17,2021_17_LA_BAL,REG,BAL,LA,19.0,20.0,-1.0,7,7,0
2021,17,2021_17_ATL_BUF,REG,BUF,ATL,29.0,15.0,14.0,7,7,0
2021,17,2021_17_NYG_CHI,REG,CHI,NYG,29.0,3.0,26.0,7,7,0
2021,17,2021_17_KC_CIN,REG,CIN,KC,34.0,31.0,3.0,7,7,0
2021,17,2021_17_LV_IND,REG,IND,LV,20.0,23.0,-3.0,8,7,0
2021,17,2021_17_JAX_NE,REG,NE,JAX,50.0,10.0,40.0,7,7,0
2021,17,2021_17_TB_NYJ,REG,NYJ,TB,24.0,28.0,-4.0,7,7,0
2021,17,2021_17_MIA_TEN,REG,TEN,MIA,34.0,3.0,31.0,10,6,0
2021,17,2021_17_PHI_WAS,REG,WAS,PHI,16.0,20.0,-4.0,7,7,1
2021,17,2021_17_DEN_LAC,REG,LAC,DEN,34.0,13.0,21.0,7,7,1
2021,17,2021_17_HOU_SF,REG,SF,HOU,23.0,7.0,16.0,10,7,0
2021,17,2021_17_ARI_DAL,REG,DAL,ARI,22.0,25.0,-3.0,7,8,0
2021,17,2021_17_CAR_NO,REG,NO,CAR,18.0,10.0,8.0,6,7,1
2021,17,2021_17_DET_SEA,REG,SEA,DET,51.0,29.0,22.0,7,7,0
2021,17,2021_17_MIN_GB,REG,GB,MIN,37.0,10.0,27.0,8,7,1
2021,17,2021_17_CLE_PIT,REG,PIT,CLE,26.0,14.0,12.0,8,9,1
2021,18,2021_18_KC_DEN,REG,DEN,KC,24.0,28.0,-4.0,7,7,1
2021,18,2021_18_DAL_PHI,REG,PHI,DAL,26.0,51.0,-25.0,7,7,1
2021,18,2021_18_PIT_BAL,REG,BAL,PIT,13.0,16.0,-3.0,7,6,1
2021,18,2021_18_CIN_CLE,REG,CLE,CIN,21.0,16.0,5.0,6,7,1
2021,18,2021_18_GB_DET,REG,DET,GB,37.0,30.0,7.0,7,7,1
2021,18,2021_18_TEN_HOU,REG,HOU,TEN,25.0,28.0,-3.0,7,7,1
2021,18,2021_18_IND_JAX,REG,JAX,IND,26.0,11.0,15.0,7,7,1
2021,18,2021_18_CHI_MIN,REG,MIN,CHI,31.0,17.0,14.0,7,7,1
2021,18,2021_18_WAS_NYG,REG,NYG,WAS,7.0,22.0,-15.0,7,7,1
2021,18,2021_18_SEA_ARI,REG,ARI,SEA,30.0,38.0,-8.0,7,7,1
2021,18,2021_18_NO_ATL,REG,ATL,NO,20.0,30.0,-10.0,7,7,1
2021,18,2021_18_NYJ_BUF,REG,BUF,NYJ,27.0,10.0,17.0,7,7,1
2021,18,2021_18_SF_LA,REG,LA,SF,24.0,27.0,-3.0,7,7,1
2021,18,2021_18_NE_MIA,REG,MIA,NE,33.0,24.0,9.0,7,7,1
2021,18,2021_18_CAR_TB,REG,TB,CAR,41.0,17.0,24.0,7,7,1
2021,18,2021_18_LAC_LV,REG,LV,LAC,35.0,32.0,3.0,7,7,1
2022,1,2022_01_BUF_LA,REG,LA,BUF,10.0,31.0,-21.0,7,7,0
2022,1,2022_01_NO_ATL,REG,ATL,NO,26.0,27.0,-1.0,7,7,1
2022,1,2022_01_CLE_CAR,REG,CAR,CLE,24.0,26.0,-2.0,7,7,0
2022,1,2022_01_SF_CHI,REG,CHI,SF,19.0,10.0,9.0,7,7,0
2022,1,2022_01_PIT_CIN,REG,CIN,PIT,20.0,23.0,-3.0,7,7,1
2022,1,2022_01_PHI_DET,REG,DET,PHI,35.0,38.0,-3.0,7,7,0
2022,1,2022_01_IND_HOU,REG,HOU,IND,20.0,20.0,0.0,7,7,1
2022,1,2022_01_NE_MIA,REG,MIA,NE,20.0,7.0,13.0,7,7,1
2022,1,2022_01_BAL_NYJ,REG,NYJ,BAL,9.0,24.0,-15.0,7,7,0
2022,1,2022_01_JAX_WAS,REG,WAS,JAX,28.0,22.0,6.0,7,7,0
2022,1,2022_01_KC_ARI,REG,ARI,KC,21.0,44.0,-23.0,7,7,0
2022,1,2022_01_LV_LAC,REG,LAC,LV,24.0,19.0,5.0,7,7,1
2022,1,2022_01_GB_MIN,REG,MIN,GB,23.0,7.0,16.0,7,7,1
2022,1,2022_01_NYG_TEN,REG,TEN,NYG,20.0,21.0,-1.0,7,7,0
2022,1,2022_01_TB_DAL,REG,DAL,TB,3.0,19.0,-16.0,7,7,0
2022,1,2022_01_DEN_SEA,REG,SEA,DEN,17.0,16.0,1.0,7,7,0
2022,2,2022_02_LAC_KC,REG,KC,LAC,27.0,24.0,3.0,4,4,1
2022,2,2022_02_MIA_BAL,REG,BAL,MIA,38.0,42.0,-4.0,7,7,0
2022,2,2022_02_NYJ_CLE,REG,CLE,NYJ,30.0,31.0,-1.0,7,7,0
2022,2,2022_02_WAS_DET,REG,DET,WAS,36.0,27.0,9.0,7,7,0
2022,2,2022_02_IND_JAX,REG,JAX,IND,24.0,0.0,24.0,7,7,1
2022,2,2022_02_TB_NO,REG,NO,TB,10.0,20.0,-10.0,7,7,1
2022,2,2022_02_CAR_NYG,REG,NYG,CAR,19.0,16.0,3.0,7,7,0
2022,2,2022_02_NE_PIT,REG,PIT,NE,14.0,17.0,-3.0,7,7,0
2022,2,2022_02_ATL_LA,REG,LA,ATL,31.0,27.0,4.0,10,7,0
2022,2,2022_02_SEA_SF,REG,SF,SEA,27.0,7.0,20.0,7,6,1
2022,2,2022_02_CIN_DAL,REG,DAL,CIN,20.0,17.0,3.0,7,7,0
2022,2,2022_02_HOU_DEN,REG,DEN,HOU,16.0,9.0,7.0,6,7,0
2022,2,2022_02_ARI_LV,REG,LV,ARI,23.0,29.0,-6.0,7,7,0
2022,2,2022_02_CHI_GB,REG,GB,CHI,27.0,10.0,17.0,7,7,1
2022,2,2022_02_TEN_BUF,REG,BUF,TEN,41.0,7.0,34.0,11,8,0
2022,2,2022_02_MIN_PHI,REG,PHI,MIN,24.0,7.0,17.0,8,8,0
2022,3,2022_03_PIT_CLE,REG,CLE,PIT,29.0,17.0,12.0,4,4,1
2022,3,2022_03_NO_CAR,REG,CAR,NO,22.0,14.0,8.0,7,7,1
2022,3,2022_03_HOU_CHI,REG,CHI,HOU,23.0,20.0,3.0,7,7,0
2022,3,2022_03_KC_IND,REG,IND,KC,20.0,17.0,3.0,7,10,0
2022,3,2022_03_BUF_MIA,REG,MIA,BUF,21.0,19.0,2.0,7,6,1
2022,3,2022_03_DET_MIN,REG,MIN,DET,28.0,24.0,4.0,6,7,1
2022,3,2022_03_BAL_NE,REG,NE,BAL,26.0,37.0,-11.0,7,7,0
2022,3,2022_03_CIN_NYJ,REG,NYJ,CIN,12.0,27.0,-15.0,7,7,0
2022,3,2022_03_LV_TEN,REG,TEN,LV,24.0,22.0,2.0,6,7,0
2022,3,2022_03_PHI_WAS,REG,WAS,PHI,8.0,24.0,-16.0,7,6,1
2022,3,2022_03_JAX_LAC,REG,LAC,JAX,10.0,38.0,-28.0,10,7,0
2022,3,2022_03_LA_ARI,REG,ARI,LA,12.0,20.0,-8.0,7,7,1
2022,3,2022_03_ATL_SEA,REG,SEA,ATL,23.0,27.0,-4.0,7,7,0
2022,3,2022_03_GB_TB,REG,TB,GB,12.0,14.0,-2.0,7,7,0
2022,3,2022_03_SF_DEN,REG,DEN,SF,11.0,10.0,1.0,7,7,0
2022,3,2022_03_DAL_NYG,REG,NYG,DAL,16.0,23.0,-7.0,8,8,1
2022,4,2022_04_MIA_CIN,REG,CIN,MIA,27.0,15.0,12.0,4,4,0
2022,4,2022_04_MIN_NO,REG,NO,MIN,25.0,28.0,-3.0,7,7,0
2022,4,2022_04_CLE_ATL,REG,ATL,CLE,23.0,20.0,3.0,7,10,0
2022,4,2022_04_BUF_BAL,REG,BAL,BUF,20.0,23.0,-3.0,7,7,0
2022,4,2022_04_WAS_DAL,REG,DAL,WAS,25.0,10.0,15.0,6,7,1
2022,4,2022_04_SEA_DET,REG,DET,SEA,45.0,48.0,-3.0,7,7,0
2022,4,2022_04_LAC_HOU,REG,HOU,LAC,24.0,34.0,-10.0,7,7,0
2022,4,2022_04_TEN_IND,REG,IND,TEN,17.0,24.0,-7.0,7,7,1
2022,4,2022_04_CHI_NYG,REG,NYG,CHI,20.0,12.0,8.0,6,7,0
2022,4,2022_04_JAX_PHI,REG,PHI,JAX,29.0,21.0,8.0,7,7,0
2022,4,2022_04_NYJ_PIT,REG,PIT,NYJ,20.0,24.0,-4.0,10,7,0
2022,4,2022_04_ARI_CAR,REG,CAR,ARI,16.0,26.0,-10.0,7,7,0
2022,4,2022_04_NE_GB,REG,GB,NE,27.0,24.0,3.0,7,7,0
2022,4,2022_04_DEN_LV,REG,LV,DEN,32.0,23.0,9.0,7,7,1
2022,4,2022_04_KC_TB,REG,TB,KC,31.0,41.0,-10.0,7,7,0
2022,4,2022_04_LA_SF,REG,SF,LA,24.0,9.0,15.0,8,8,1
2022,5,2022_05_IND_DEN,REG,DEN,IND,9.0,12.0,-3.0,4,4,0
2022,5,2022_05_NYG_GB,REG,GB,NYG,22.0,27.0,-5.0,7,7,0
2022,5,2022_05_PIT_BUF,REG,BUF,PIT,38.0,3.0,35.0,7,7,0
2022,5,2022_05_LAC_CLE,REG,CLE,LAC,28.0,30.0,-2.0,7,7,0
2022,5,2022_05_HOU_JAX,REG,JAX,HOU,6.0,13.0,-7.0,7,7,1
2022,5,2022_05_CHI_MIN,REG,MIN,CHI,29.0,22.0,7.0,7,7,1
2022,5,2022_05_DET_NE,REG,NE,DET,29.0,0.0,29.0,7,7,0
2022,5,2022_05_SEA_NO,REG,NO,SEA,39.0,32.0,7.0,7,7,0
2022,5,2022_05_MIA_NYJ,REG,NYJ,MIA,40.0,17.0,23.0,7,10,1
2022,5,2022_05_ATL_TB,REG,TB,ATL,21.0,15.0,6.0,7,7,1
2022,5,2022_05_TEN_WAS,REG,WAS,TEN,17.0,21.0,-4.0,7,7,0
2022,5,2022_05_SF_CAR,REG,CAR,SF,15.0,37.0,-22.0,7,6,0
2022,5,2022_05_PHI_ARI,REG,ARI,PHI,17.0,20.0,-3.0,7,7,0
2022,5,2022_05_DAL_LA,REG,LA,DAL,10.0,22.0,-12.0,6,7,0
2022,5,2022_05_CIN_BAL,REG,BAL,CIN,19.0,17.0,2.0,7,10,1
2022,5,2022_05_LV_KC,REG,KC,LV,30.0,29.0,1.0,8,8,1
2022,6,2022_06_WAS_CHI,REG,CHI,WAS,7.0,12.0,-5.0,4,4,0
2022,6,2022_06_SF_ATL,REG,ATL,SF,28.0,14.0,14.0,7,7,0
2022,6,2022_06_NE_CLE,REG,CLE,NE,15.0,38.0,-23.0,7,7,0
2022,6,2022_06_NYJ_GB,REG,GB,NYJ,10.0,27.0,-17.0,7,7,0
2022,6,2022_06_JAX_IND,REG,IND,JAX,34.0,27.0,7.0,10,7,1
2022,6,2022_06_MIN_MIA,REG,MIA,MIN,16.0,24.0,-8.0,7,7,0
2022,6,2022_06_CIN_NO,REG,NO,CIN,26.0,30.0,-4.0,7,7,0
2022,6,2022_06_BAL_NYG,REG,NYG,BAL,24.0,20.0,4.0,7,7,0
2022,6,2022_06_TB_PIT,REG,PIT,TB,20.0,18.0,2.0,7,7,0
2022,6,2022_06_CAR_LA,REG,LA,CAR,24.0,10.0,14.0,7,7,0
2022,6,2022_06_ARI_SEA,REG,SEA,ARI,19.0,9.0,10.0,7,7,1
2022,6,2022_06_BUF_KC,REG,KC,BUF,20.0,24.0,-4.0,6,7,0
2022,6,2022_06_DAL_PHI,REG,PHI,DAL,26.0,17.0,9.0,7,7,1
2022,6,2022_06_DEN_LAC,REG,LAC,DEN,19.0,16.0,3.0,8,11,1
2022,7,2022_07_NO_ARI,REG,ARI,NO,42.0,34.0,8.0,4,4,0
2022,7,2022_07_CLE_BAL,REG,BAL,CLE,23.0,20.0,3.0,7,7,1
2022,7,2022_07_TB_CAR,REG,CAR,TB,21.0,3.0,18.0,7,7,1
2022,7,2022_07_ATL_CIN,REG,CIN,ATL,35.0,17.0,18.0,7,7,0
2022,7,2022_07_DET_DAL,REG,DAL,DET,24.0,6.0,18.0,7,14,0
2022,7,2022_07_NYG_JAX,REG,JAX,NYG,17.0,23.0,-6.0,7,7,0
2022,7,2022_07_IND_TEN,REG,TEN,IND,19.0,10.0,9.0,14,7,1
2022,7,2022_07_GB_WAS,REG,WAS,GB,23.0,21.0,2.0,10,7,0
2022,7,2022_07_NYJ_DEN,REG,DEN,NYJ,9.0,16.0,-7.0,6,7,0
2022,7,2022_07_HOU_LV,REG,LV,HOU,38.0,20.0,18.0,13,14,0
2022,7,2022_07_SEA_LAC,REG,LAC,SEA,23.0,37.0,-14.0,6,7,0
2022,7,2022_07_KC_SF,REG,SF,KC,23.0,44.0,-21.0,7,7,0
2022,7,2022_07_PIT_MIA,REG,MIA,PIT,16.0,10.0,6.0,7,7,0
2022,7,2022_07_CHI_NE,REG,NE,CHI,14.0,33.0,-19.0,8,11,0
2022,8,2022_08_BAL_TB,REG,TB,BAL,22.0,27.0,-5.0,4,4,0
2022,8,2022_08_DEN_JAX,REG,JAX,DEN,17.0,21.0,-4.0,7,7,0
2022,8,2022_08_CAR_ATL,REG,ATL,CAR,37.0,34.0,3.0,7,7,1
2022,8,2022_08_CHI_DAL,REG,DAL,CHI,49.0,29.0,20.0,7,6,0
2022,8,2022_08_MIA_DET,REG,DET,MIA,27.0,31.0,-4.0,7,7,0
2022,8,2022_08_ARI_MIN,REG,MIN,ARI,34.0,26.0,8.0,14,10,0
2022,8,2022_08_LV_NO,REG,NO,LV,24.0,0.0,24.0,10,7,0
2022,8,2022_08_NE_NYJ,REG,NYJ,NE,17.0,22.0,-5.0,7,6,1
2022,8,2022_08_PIT_PHI,REG,PHI,PIT,35.0,13.0,22.0,14,7,0
2022,8,2022_08_TEN_HOU,REG,HOU,TEN,10.0,17.0,-7.0,7,7,1
2022,8,2022_08_WAS_IND,REG,IND,WAS,16.0,17.0,-1.0,7,7,0
2022,8,2022_08_SF_LA,REG,LA,SF,14.0,31.0,-17.0,14,7,1
2022,8,2022_08_NYG_SEA,REG,SEA,NYG,27.0,13.0,14.0,7,7,0
2022,8,2022_08_GB_BUF,REG,BUF,GB,27.0,17.0,10.0,14,7,0
2022,8,2022_08_CIN_CLE,REG,CLE,CIN,32.0,13.0,19.0,8,8,1
2022,9,2022_09_PHI_HOU,REG,HOU,PHI,17.0,29.0,-12.0,4,4,0
2022,9,2022_09_LAC_ATL,REG,ATL,LAC,17.0,20.0,-3.0,7,14,0
2022,9,2022_09_MIA_CHI,REG,CHI,MIA,32.0,35.0,-3.0,7,7,0
2022,9,2022_09_CAR_CIN,REG,CIN,CAR,42.0,21.0,21.0,6,7,0
2022,9,2022_09_GB_DET,REG,DET,GB,15.0,9.0,6.0,7,7,1
2022,9,2022_09_LV_JAX,REG,JAX,LV,27.0,20.0,7.0,7,7,0
2022,9,2022_09_IND_NE,REG,NE,IND,26.0,3.0,23.0,7,7,0
2022,9,2022_09_BUF_NYJ,REG,NYJ,BUF,20.0,17.0,3.0,7,7,1
2022,9,2022_09_MIN_WAS,REG,WAS,MIN,17.0,20.0,-3.0,7,7,0
2022,9,2022_09_SEA_ARI,REG,ARI,SEA,21.0,31.0,-10.0,7,7,1
2022,9,2022_09_LA_TB,REG,TB,LA,16.0,13.0,3.0,10,7,0
2022,9,2022_09_TEN_KC,REG,KC,TEN,20.0,17.0,3.0,14,7,0
2022,9,2022_09_BAL_NO,REG,NO,BAL,13.0,27.0,-14.0,8,11,0
2022,10,2022_10_ATL_CAR,REG,CAR,ATL,25.0,15.0,10.0,4,4,1
2022,10,2022_10_SEA_TB,REG,TB,SEA,21.0,16.0,5.0,7,7,0
2022,10,2022_10_MIN_BUF,REG,BUF,MIN,30.0,33.0,-3.0,7,7,0
2022,10,2022_10_DET_CHI,REG,CHI,DET,30.0,31.0,-1.0,7,7,1
2022,10,2022_10_JAX_KC,REG,KC,JAX,27.0,17.0,10.0,7,7,0
2022,10,2022_10_CLE_MIA,REG,MIA,CLE,39.0,17.0,22.0,7,13,0
2022,10,2022_10_HOU_NYG,REG,NYG,HOU,24.0,16.0,8.0,14,10,0
2022,10,2022_10_NO_PIT,REG,PIT,NO,20.0,10.0,10.0,14,6,0
2022,10,2022_10_DEN_TEN,REG,TEN,DEN,17.0,10.0,7.0,7,14,0
2022,10,2022_10_IND_LV,REG,LV,IND,20.0,25.0,-5.0,7,7,0
2022,10,2022_10_DAL_GB,REG,GB,DAL,31.0,28.0,3.0,7,14,0
2022,10,2022_10_ARI_LA,REG,LA,ARI,17.0,27.0,-10.0,7,7,1
2022,10,2022_10_LAC_SF,REG,SF,LAC,22.0,16.0,6.0,14,7,0
2022,10,2022_10_WAS_PHI,REG,PHI,WAS,21.0,32.0,-11.0,11,8,1
2022,11,2022_11_TEN_GB,REG,GB,TEN,17.0,27.0,-10.0,4,4,0
2022,11,2022_11_CHI_ATL,REG,ATL,CHI,27.0,24.0,3.0,10,7,0
2022,11,2022_11_CAR_BAL,REG,BAL,CAR,13.0,3.0,10.0,13,10,0
2022,11,2022_11_CLE_BUF,REG,BUF,CLE,31.0,23.0,8.0,7,7,0
2022,11,2022_11_WAS_HOU,REG,HOU,WAS,10.0,23.0,-13.0,7,6,0
2022,11,2022_11_PHI_IND,REG,IND,PHI,16.0,17.0,-1.0,7,6,0
2022,11,2022_11_NYJ_NE,REG,NE,NYJ,10.0,3.0,7.0,14,14,1
2022,11,2022_11_LA_NO,REG,NO,LA,27.0,20.0,7.0,7,7,0
2022,11,2022_11_DET_NYG,REG,NYG,DET,18.0,31.0,-13.0,7,7,0
2022,11,2022_11_LV_DEN,REG,DEN,LV,16.0,22.0,-6.0,7,7,1
2022,11,2022_11_DAL_MIN,REG,MIN,DAL,3.0,40.0,-37.0,7,7,0
2022,11,2022_11_CIN_PIT,REG,PIT,CIN,30.0,37.0,-7.0,7,14,1
2022,11,2022_11_KC_LAC,REG,LAC,KC,27.0,30.0,-3.0,7,7,1
2022,11,2022_11_SF_ARI,REG,ARI,SF,10.0,38.0,-28.0,8,8,1
2022,12,2022_12_BUF_DET,REG,DET,BUF,25.0,28.0,-3.0,4,4,0
2022,12,2022_12_NYG_DAL,REG,DAL,NYG,28.0,20.0,8.0,4,4,1
2022,12,2022_12_NE_MIN,REG,MIN,NE,33.0,26.0,7.0,4,4,0
2022,12,2022_12_DEN_CAR,REG,CAR,DEN,23.0,10.0,13.0,7,7,0
2022,12,2022_12_TB_CLE,REG,CLE,TB,23.0,17.0,6.0,7,14,0
2022,12,2022_12_BAL_JAX,REG,JAX,BAL,28.0,27.0,1.0,14,7,0
2022,12,2022_12_HOU_MIA,REG,MIA,HOU,30.0,15.0,15.0,14,7,0
2022,12,2022_12_CHI_NYJ,REG,NYJ,CHI,31.0,10.0,21.0,7,7,0
2022,12,2022_12_CIN_TEN,REG,TEN,CIN,16.0,20.0,-4.0,10,7,0
2022,12,2022_12_ATL_WAS,REG,WAS,ATL,19.0,13.0,6.0,7,7,0
2022,12,2022_12_LAC_ARI,REG,ARI,LAC,24.0,25.0,-1.0,6,7,0
2022,12,2022_12_LV_SEA,REG,SEA,LV,34.0,40.0,-6.0,14,7,0
2022,12,2022_12_LA_KC,REG,KC,LA,26.0,10.0,16.0,7,7,0
2022,12,2022_12_NO_SF,REG,SF,NO,13.0,0.0,13.0,6,7,0
2022,12,2022_12_GB_PHI,REG,PHI,GB,40.0,33.0,7.0,7,10,0
2022,12,2022_12_PIT_IND,REG,IND,PIT,17.0,24.0,-7.0,8,8,0
2022,13,2022_13_BUF_NE,REG,NE,BUF,10.0,24.0,-14.0,7,7,1
2022,13,2022_13_PIT_ATL,REG,ATL,PIT,16.0,19.0,-3.0,7,6,0
2022,13,2022_13_DEN_BAL,REG,BAL,DEN,10.0,9.0,1.0,7,7,0
2022,13,2022_13_GB_CHI,REG,CHI,GB,19.0,28.0,-9.0,7,7,1
2022,13,2022_13_JAX_DET,REG,DET,JAX,40.0,14.0,26.0,10,7,0
2022,13,2022_13_CLE_HOU,REG,HOU,CLE,14.0,27.0,-13.0,7,7,0
2022,13,2022_13_NYJ_MIN,REG,MIN,NYJ,27.0,22.0,5.0,10,7,0
2022,13,2022_13_WAS_NYG,REG,NYG,WAS,20.0,20.0,0.0,10,7,1
2022,13,2022_13_TEN_PHI,REG,PHI,TEN,35.0,10.0,25.0,7,7,0
2022,13,2022_13_SEA_LA,REG,LA,SEA,23.0,27.0,-4.0,7,7,1
2022,13,2022_13_MIA_SF,REG,SF,MIA,33.0,17.0,16.0,7,7,0
2022,13,2022_13_KC_CIN,REG,CIN,KC,27.0,24.0,3.0,7,7,0
2022,13,2022_13_LAC_LV,REG,LV,LAC,27.0,20.0,7.0,7,7,1
2022,13,2022_13_IND_DAL,REG,DAL,IND,54.0,19.0,35.0,10,6,0
2022,13,2022_13_NO_TB,REG,TB,NO,17.0,16.0,1.0,8,8,1
2022,14,2022_14_LV_LA,REG,LA,LV,17.0,16.0,1.0,4,4,0
2022,14,2022_14_NYJ_BUF,REG,BUF,NYJ,20.0,12.0,8.0,10,7,1
2022,14,2022_14_CLE_CIN,REG,CIN,CLE,23.0,10.0,13.0,7,7,1
2022,14,2022_14_HOU_DAL,REG,DAL,HOU,27.0,23.0,4.0,7,7,0
2022,14,2022_14_MIN_DET,REG,DET,MIN,34.0,23.0,11.0,7,7,1
2022,14,2022_14_PHI_NYG,REG,NYG,PHI,22.0,48.0,-26.0,7,7,1
2022,14,2022_14_BAL_PIT,REG,PIT,BAL,14.0,16.0,-2.0,7,7,1
2022,14,2022_14_JAX_TEN,REG,TEN,JAX,22.0,36.0,-14.0,7,7,1
2022,14,2022_14_KC_DEN,REG,DEN,KC,28.0,34.0,-6.0,7,7,1
2022,14,2022_14_CAR_SEA,REG,SEA,CAR,24.0,30.0,-6.0,7,14,0
2022,14,2022_14_TB_SF,REG,SF,TB,35.0,7.0,28.0,7,6,0
2022,14,2022_14_MIA_LAC,REG,LAC,MIA,23.0,17.0,6.0,7,7,0
2022,14,2022_14_NE_ARI,REG,ARI,NE,13.0,27.0,-14.0,15,11,0
2022,15,2022_15_SF_SEA,REG,SEA,SF,13.0,21.0,-8.0,4,4,1
2022,15,2022_15_IND_MIN,REG,MIN,IND,39.0,36.0,3.0,6,13,0
2022,15,2022_15_BAL_CLE,REG,CLE,BAL,13.0,3.0,10.0,6,6,1
2022,15,2022_15_MIA_BUF,REG,BUF,MIA,32.0,29.0,3.0,6,6,1
2022,15,2022_15_PIT_CAR,REG,CAR,PIT,16.0,24.0,-8.0,7,7,0
2022,15,2022_15_PHI_CHI,REG,CHI,PHI,20.0,25.0,-5.0,14,7,0
2022,15,2022_15_KC_HOU,REG,HOU,KC,24.0,30.0,-6.0,7,7,0
2022,15,2022_15_DAL_JAX,REG,JAX,DAL,40.0,34.0,6.0,7,7,0
2022,15,2022_15_ATL_NO,REG,NO,ATL,21.0,18.0,3.0,13,14,1
2022,15,2022_15_DET_NYJ,REG,NYJ,DET,17.0,20.0,-3.0,7,7,0
2022,15,2022_15_ARI_DEN,REG,DEN,ARI,24.0,15.0,9.0,7,6,0
2022,15,2022_15_NE_LV,REG,LV,NE,30.0,24.0,6.0,10,6,0
2022,15,2022_15_TEN_LAC,REG,LAC,TEN,17.0,14.0,3.0,7,7,0
2022,15,2022_15_CIN_TB,REG,TB,CIN,23.0,34.0,-11.0,7,7,0
2022,15,2022_15_NYG_WAS,REG,WAS,NYG,12.0,20.0,-8.0,14,7,1
2022,15,2022_15_LA_GB,REG,GB,LA,24.0,12.0,12.0,15,11,0
2022,16,2022_16_JAX_NYJ,REG,NYJ,JAX,3.0,19.0,-16.0,4,4,0
2022,16,2022_16_ATL_BAL,REG,BAL,ATL,17.0,9.0,8.0,7,6,0
2022,16,2022_16_DET_CAR,REG,CAR,DET,37.0,23.0,14.0,6,6,0
2022,16,2022_16_BUF_CHI,REG,CHI,BUF,13.0,35.0,-22.0,6,7,0
2022,16,2022_16_NO_CLE,REG,CLE,NO,10.0,17.0,-7.0,7,6,0
2022,16,2022_16_SEA_KC,REG,KC,SEA,24.0,10.0,14.0,6,9,0
2022,16,2022_16_NYG_MIN,REG,MIN,NYG,27.0,24.0,3.0,7,6,0
2022,16,2022_16_CIN_NE,REG,NE,CIN,18.0,22.0,-4.0,6,6,0
2022,16,2022_16_HOU_TEN,REG,TEN,HOU,14.0,19.0,-5.0,6,6,1
2022,16,2022_16_WAS_SF,REG,SF,WAS,37.0,20.0,17.0,9,6,0
2022,16,2022_16_PHI_DAL,REG,DAL,PHI,40.0,34.0,6.0,6,6,1
2022,16,2022_16_LV_PIT,REG,PIT,LV,13.0,10.0,3.0,6,6,0
2022,16,2022_16_GB_MIA,REG,MIA,GB,20.0,26.0,-6.0,8,6,0
2022,16,2022_16_DEN_LA,REG,LA,DEN,51.0,14.0,37.0,6,7,0
2022,16,2022_16_TB_ARI,REG,ARI,TB,16.0,19.0,-3.0,7,7,0
2022,16,2022_16_LAC_IND,REG,IND,LAC,3.0,20.0,-17.0,9,8,0
2022,17,2022_17_DAL_TEN,REG,TEN,DAL,13.0,27.0,-14.0,5,5,0
2022,17,2022_17_ARI_ATL,REG,ATL,ARI,20.0,19.0,1.0,8,7,0
2022,17,2022_17_CHI_DET,REG,DET,CHI,41.0,10.0,31.0,8,8,1
2022,17,2022_17_JAX_HOU,REG,HOU,JAX,3.0,31.0,-28.0,8,10,1
2022,17,2022_17_DEN_KC,REG,KC,DEN,27.0,24.0,3.0,8,7,1
2022,17,2022_17_MIA_NE,REG,NE,MIA,23.0,21.0,2.0,8,7,1
2022,17,2022_17_IND_NYG,REG,NYG,IND,38.0,10.0,28.0,8,6,0
2022,17,2022_17_NO_PHI,REG,PHI,NO,10.0,20.0,-10.0,8,8,0
2022,17,2022_17_CAR_TB,REG,TB,CAR,30.0,24.0,6.0,7,8,1
2022,17,2022_17_CLE_WAS,REG,WAS,CLE,10.0,24.0,-14.0,8,8,0
2022,17,2022_17_SF_LV,REG,LV,SF,34.0,37.0,-3.0,8,8,0
2022,17,2022_17_NYJ_SEA,REG,SEA,NYJ,23.0,6.0,17.0,8,10,0
2022,17,2022_17_MIN_GB,REG,GB,MIN,41.0,17.0,24.0,7,8,1
2022,17,2022_17_LA_LAC,REG,LAC,LA,31.0,10.0,21.0,6,7,0
2022,17,2022_17_PIT_BAL,REG,BAL,PIT,13.0,16.0,-3.0,8,8,1
2022,18,2022_18_KC_LV,REG,LV,KC,13.0,31.0,-18.0,6,6,1
2022,18,2022_18_TEN_JAX,REG,JAX,TEN,20.0,16.0,4.0,6,9,1
2022,18,2022_18_TB_ATL,REG,ATL,TB,30.0,17.0,13.0,7,7,1
2022,18,2022_18_NE_BUF,REG,BUF,NE,35.0,23.0,12.0,6,7,1
2022,18,2022_18_MIN_CHI,REG,CHI,MIN,13.0,29.0,-16.0,7,7,1
2022,18,2022_18_BAL_CIN,REG,CIN,BAL,27.0,16.0,11.0,6,7,1
2022,18,2022_18_HOU_IND,REG,IND,HOU,31.0,32.0,-1.0,7,7,1
2022,18,2022_18_NYJ_MIA,REG,MIA,NYJ,11.0,6.0,5.0,7,7,1
2022,18,2022_18_CAR_NO,REG,NO,CAR,7.0,10.0,-3.0,7,7,1
2022,18,2022_18_CLE_PIT,REG,PIT,CLE,28.0,14.0,14.0,7,7,1
2022,18,2022_18_LAC_DEN,REG,DEN,LAC,31.0,28.0,3.0,7,7,1
2022,18,2022_18_NYG_PHI,REG,PHI,NYG,22.0,16.0,6.0,7,7,1
2022,18,2022_18_LA_SEA,REG,SEA,LA,19.0,16.0,3.0,7,7,1
2022,18,2022_18_ARI_SF,REG,SF,ARI,38.0,13.0,25.0,7,7,1
2022,18,2022_18_DAL_WAS,REG,WAS,DAL,26.0,6.0,20.0,7,10,1
2022,18,2022_18_DET_GB,REG,GB,DET,16.0,20.0,-4.0,7,7,1
2023,1,2023_01_DET_KC,REG,KC,DET,20.0,21.0,-1.0,7,7,0
2023,1,2023_01_CAR_ATL,REG,ATL,CAR,24.0,10.0,14.0,7,7,1
2023,1,2023_01_HOU_BAL,REG,BAL,HOU,25.0,9.0,16.0,7,7,0
2023,1,2023_01_CIN_CLE,REG,CLE,CIN,24.0,3.0,21.0,7,7,1
2023,1,2023_01_JAX_IND,REG,IND,JAX,21.0,31.0,-10.0,7,7,1
2023,1,2023_01_TB_MIN,REG,MIN,TB,17.0,20.0,-3.0,7,7,0
2023,1,2023_01_TEN_NO,REG,NO,TEN,16.0,15.0,1.0,7,7,0
2023,1,2023_01_SF_PIT,REG,PIT,SF,7.0,30.0,-23.0,7,7,0
2023,1,2023_01_ARI_WAS,REG,WAS,ARI,20.0,16.0,4.0,7,7,0
2023,1,2023_01_GB_CHI,REG,CHI,GB,20.0,38.0,-18.0,7,7,1
2023,1,2023_01_LV_DEN,REG,DEN,LV,16.0,17.0,-1.0,7,7,1
2023,1,2023_01_MIA_LAC,REG,LAC,MIA,34.0,36.0,-2.0,7,7,0
2023,1,2023_01_PHI_NE,REG,NE,PHI,20.0,25.0,-5.0,7,7,0
2023,1,2023_01_LA_SEA,REG,SEA,LA,13.0,30.0,-17.0,7,7,1
2023,1,2023_01_DAL_NYG,REG,NYG,DAL,0.0,40.0,-40.0,7,7,1
2023,1,2023_01_BUF_NYJ,REG,NYJ,BUF,22.0,16.0,6.0,7,7,1
2023,2,2023_02_MIN_PHI,REG,PHI,MIN,34.0,28.0,6.0,4,4,0
2023,2,2023_02_GB_ATL,REG,ATL,GB,25.0,24.0,1.0,7,7,0
2023,2,2023_02_LV_BUF,REG,BUF,LV,38.0,10.0,28.0,6,7,0
2023,2,2023_02_BAL_CIN,REG,CIN,BAL,24.0,27.0,-3.0,7,7,1
2023,2,2023_02_SEA_DET,REG,DET,SEA,31.0,37.0,-6.0,10,7,0
2023,2,2023_02_IND_HOU,REG,HOU,IND,20.0,31.0,-11.0,7,7,1
2023,2,2023_02_KC_JAX,REG,JAX,KC,9.0,17.0,-8.0,7,10,0
2023,2,2023_02_CHI_TB,REG,TB,CHI,27.0,17.0,10.0,7,7,0
2023,2,2023_02_LAC_TEN,REG,TEN,LAC,27.0,24.0,3.0,7,7,0
2023,2,2023_02_NYG_ARI,REG,ARI,NYG,28.0,31.0,-3.0,7,7,0
2023,2,2023_02_SF_LA,REG,LA,SF,23.0,30.0,-7.0,7,7,1
2023,2,2023_02_NYJ_DAL,REG,DAL,NYJ,30.0,10.0,20.0,7,6,0
2023,2,2023_02_WAS_DEN,REG,DEN,WAS,33.0,35.0,-2.0,7,7,0
2023,2,2023_02_MIA_NE,REG,NE,MIA,17.0,24.0,-7.0,7,7,1
2023,2,2023_02_NO_CAR,REG,CAR,NO,17.0,20.0,-3.0,8,8,1
2023,2,2023_02_CLE_PIT,REG,PIT,CLE,26.0,22.0,4.0,8,8,1
2023,3,2023_03_NYG_SF,REG,SF,NYG,30.0,12.0,18.0,4,4,0
2023,3,2023_03_IND_BAL,REG,BAL,IND,19.0,22.0,-3.0,7,7,0
2023,3,2023_03_TEN_CLE,REG,CLE,TEN,27.0,3.0,24.0,6,7,0
2023,3,2023_03_ATL_DET,REG,DET,ATL,20.0,6.0,14.0,7,7,0
2023,3,2023_03_NO_GB,REG,GB,NO,18.0,17.0,1.0,7,6,0
2023,3,2023_03_HOU_JAX,REG,JAX,HOU,17.0,37.0,-20.0,7,7,1
2023,3,2023_03_DEN_MIA,REG,MIA,DEN,70.0,20.0,50.0,7,7,0
2023,3,2023_03_LAC_MIN,REG,MIN,LAC,24.0,28.0,-4.0,10,7,0
2023,3,2023_03_NE_NYJ,REG,NYJ,NE,10.0,15.0,-5.0,7,7,1
2023,3,2023_03_BUF_WAS,REG,WAS,BUF,3.0,37.0,-34.0,7,7,0
2023,3,2023_03_CAR_SEA,REG,SEA,CAR,37.0,27.0,10.0,7,6,0
2023,3,2023_03_DAL_ARI,REG,ARI,DAL,28.0,16.0,12.0,7,7,0
2023,3,2023_03_CHI_KC,REG,KC,CHI,41.0,10.0,31.0,7,7,0
2023,3,2023_03_PIT_LV,REG,LV,PIT,18.0,23.0,-5.0,7,6,0
2023,3,2023_03_PHI_TB,REG,TB,PHI,11.0,25.0,-14.0,8,11,0
2023,3,2023_03_LA_CIN,REG,CIN,LA,19.0,16.0,3.0,8,8,0
2023,4,2023_04_DET_GB,REG,GB,DET,20.0,34.0,-14.0,4,4,1
2023,4,2023_04_ATL_JAX,REG,JAX,ATL,23.0,7.0,16.0,7,7,0
2023,4,2023_04_MIA_BUF,REG,BUF,MIA,48.0,20.0,28.0,7,7,1
2023,4,2023_04_MIN_CAR,REG,CAR,MIN,13.0,21.0,-8.0,7,7,0
2023,4,2023_04_DEN_CHI,REG,CHI,DEN,28.0,31.0,-3.0,7,7,0
2023,4,2023_04_BAL_CLE,REG,CLE,BAL,3.0,28.0,-25.0,7,7,1
2023,4,2023_04_PIT_HOU,REG,HOU,PIT,30.0,6.0,24.0,7,7,0
2023,4,2023_04_LA_IND,REG,IND,LA,23.0,29.0,-6.0,7,6,0
2023,4,2023_04_TB_NO,REG,NO,TB,9.0,26.0,-17.0,7,6,1
2023,4,2023_04_WAS_PHI,REG,PHI,WAS,34.0,31.0,3.0,6,7,1
2023,4,2023_04_CIN_TEN,REG,TEN,CIN,27.0,3.0,24.0,7,6,0
2023,4,2023_04_LV_LAC,REG,LAC,LV,24.0,17.0,7.0,7,7,1
2023,4,2023_04_NE_DAL,REG,DAL,NE,38.0,3.0,35.0,7,7,0
2023,4,2023_04_ARI_SF,REG,SF,ARI,35.0,16.0,19.0,10,7,1
2023,4,2023_04_KC_NYJ,REG,NYJ,KC,20.0,23.0,-3.0,7,7,0
2023,4,2023_04_SEA_NYG,REG,NYG,SEA,3.0,24.0,-21.0,11,8,0
2023,5,2023_05_CHI_WAS,REG,WAS,CHI,20.0,40.0,-20.0,4,4,0
2023,5,2023_05_JAX_BUF,REG,BUF,JAX,20.0,25.0,-5.0,7,7,0
2023,5,2023_05_HOU_ATL,REG,ATL,HOU,21.0,19.0,2.0,7,7,0
2023,5,2023_05_CAR_DET,REG,DET,CAR,42.0,24.0,18.0,10,7,0
2023,5,2023_05_TEN_IND,REG,IND,TEN,23.0,16.0,7.0,7,7,1
2023,5,2023_05_NYG_MIA,REG,MIA,NYG,31.0,16.0,15.0,7,6,0
2023,5,2023_05_NO_NE,REG,NE,NO,0.0,34.0,-34.0,7,7,0
2023,5,2023_05_BAL_PIT,REG,PIT,BAL,17.0,10.0,7.0,7,7,1
2023,5,2023_05_CIN_ARI,REG,ARI,CIN,20.0,34.0,-14.0,7,7,0
2023,5,2023_05_PHI_LA,REG,LA,PHI,14.0,23.0,-9.0,7,7,0
2023,5,2023_05_NYJ_DEN,REG,DEN,NYJ,21.0,31.0,-10.0,7,7,0
2023,5,2023_05_KC_MIN,REG,MIN,KC,20.0,27.0,-7.0,7,7,0
2023,5,2023_05_DAL_SF,REG,SF,DAL,42.0,10.0,32.0,7,7,0
2023,5,2023_05_GB_LV,REG,LV,GB,17.0,13.0,4.0,8,11,0
2023,6,2023_06_DEN_KC,REG,KC,DEN,19.0,8.0,11.0,4,4,1
2023,6,2023_06_BAL_TEN,REG,TEN,BAL,16.0,24.0,-8.0,7,7,0
2023,6,2023_06_WAS_ATL,REG,ATL,WAS,16.0,24.0,-8.0,7,10,0
2023,6,2023_06_MIN_CHI,REG,CHI,MIN,13.0,19.0,-6.0,10,7,1
2023,6,2023_06_SEA_CIN,REG,CIN,SEA,17.0,13.0,4.0,7,13,0
2023,6,2023_06_SF_CLE,REG,CLE,SF,19.0,17.0,2.0,14,7,0
2023,6,2023_06_NO_HOU,REG,HOU,NO,20.0,13.0,7.0,7,7,0
2023,6,2023_06_IND_JAX,REG,JAX,IND,37.0,20.0,17.0,7,7,1
2023,6,2023_06_CAR_MIA,REG,MIA,CAR,42.0,21.0,21.0,7,7,0
2023,6,2023_06_NE_LV,REG,LV,NE,21.0,17.0,4.0,6,7,0
2023,6,2023_06_ARI_LA,REG,LA,ARI,26.0,9.0,17.0,7,7,1
2023,6,2023_06_PHI_NYJ,REG,NYJ,PHI,20.0,14.0,6.0,7,7,0
2023,6,2023_06_DET_TB,REG,TB,DET,6.0,20.0,-14.0,14,7,0
2023,6,2023_06_NYG_BUF,REG,BUF,NYG,14.0,9.0,5.0,7,7,0
2023,6,2023_06_DAL_LAC,REG,LAC,DAL,17.0,20.0,-3.0,15,8,0
2023,7,2023_07_JAX_NO,REG,NO,JAX,24.0,31.0,-7.0,4,4,0
2023,7,2023_07_DET_BAL,REG,BAL,DET,38.0,6.0,32.0,7,7,0
2023,7,2023_07_LV_CHI,REG,CHI,LV,30.0,12.0,18.0,7,7,0
2023,7,2023_07_CLE_IND,REG,IND,CLE,38.0,39.0,-1.0,7,7,0
2023,7,2023_07_BUF_NE,REG,NE,BUF,29.0,25.0,4.0,7,7,1
2023,7,2023_07_WAS_NYG,REG,NYG,WAS,14.0,7.0,7.0,7,7,1
2023,7,2023_07_ATL_TB,REG,TB,ATL,13.0,16.0,-3.0,7,7,1
2023,7,2023_07_PIT_LA,REG,LA,PIT,17.0,24.0,-7.0,7,14,0
2023,7,2023_07_ARI_SEA,REG,SEA,ARI,20.0,10.0,10.0,7,7,1
2023,7,2023_07_GB_DEN,REG,DEN,GB,19.0,17.0,2.0,10,13,0
2023,7,2023_07_LAC_KC,REG,KC,LAC,31.0,17.0,14.0,10,6,1
2023,7,2023_07_MIA_PHI,REG,PHI,MIA,31.0,17.0,14.0,7,7,0
2023,7,2023_07_SF_MIN,REG,MIN,SF,22.0,17.0,5.0,8,8,0
2023,8,2023_08_TB_BUF,REG,BUF,TB,24.0,18.0,6.0,4,4,0
2023,8,2023_08_HOU_CAR,REG,CAR,HOU,15.0,13.0,2.0,14,14,0
2023,8,2023_08_LA_DAL,REG,DAL,LA,43.0,20.0,23.0,13,7,0
2023,8,2023_08_MIN_GB,REG,GB,MIN,10.0,24.0,-14.0,7,6,1
2023,8,2023_08_NO_IND,REG,IND,NO,27.0,38.0,-11.0,7,10,0
2023,8,2023_08_NE_MIA,REG,MIA,NE,31.0,17.0,14.0,7,7,1
2023,8,2023_08_NYJ_NYG,REG,NYG,NYJ,10.0,13.0,-3.0,7,14,0
2023,8,2023_08_JAX_PIT,REG,PIT,JAX,10.0,20.0,-10.0,7,10,0
2023,8,2023_08_ATL_TEN,REG,TEN,ATL,28.0,23.0,5.0,14,7,0
2023,8,2023_08_PHI_WAS,REG,WAS,PHI,31.0,38.0,-7.0,7,7,1
2023,8,2023_08_CLE_SEA,REG,SEA,CLE,24.0,20.0,4.0,7,7,0
2023,8,2023_08_BAL_ARI,REG,ARI,BAL,24.0,31.0,-7.0,7,7,0
2023,8,2023_08_KC_DEN,REG,DEN,KC,24.0,9.0,15.0,7,7,1
2023,8,2023_08_CIN_SF,REG,SF,CIN,17.0,31.0,-14.0,6,14,0
2023,8,2023_08_CHI_LAC,REG,LAC,CHI,30.0,13.0,17.0,7,7,0
2023,8,2023_08_LV_DET,REG,DET,LV,26.0,14.0,12.0,8,8,0
2023,9,2023_09_TEN_PIT,REG,PIT,TEN,20.0,16.0,4.0,4,4,0
2023,9,2023_09_MIA_KC,REG,KC,MIA,21.0,14.0,7.0,7,7,0
2023,9,2023_09_MIN_ATL,REG,ATL,MIN,28.0,31.0,-3.0,7,7,0
2023,9,2023_09_SEA_BAL,REG,BAL,SEA,37.0,3.0,34.0,7,7,0
2023,9,2023_09_ARI_CLE,REG,CLE,ARI,27.0,0.0,27.0,7,7,0
2023,9,2023_09_LA_GB,REG,GB,LA,20.0,3.0,17.0,7,7,0
2023,9,2023_09_TB_HOU,REG,HOU,TB,39.0,37.0,2.0,7,10,0
2023,9,2023_09_WAS_NE,REG,NE,WAS,17.0,20.0,-3.0,7,7,0
2023,9,2023_09_CHI_NO,REG,NO,CHI,24.0,17.0,7.0,7,7,0
2023,9,2023_09_IND_CAR,REG,CAR,IND,13.0,27.0,-14.0,7,7,0
2023,9,2023_09_NYG_LV,REG,LV,NYG,30.0,6.0,24.0,6,7,0
2023,9,2023_09_DAL_PHI,REG,PHI,DAL,28.0,23.0,5.0,7,7,1
2023,9,2023_09_BUF_CIN,REG,CIN,BUF,24.0,18.0,6.0,7,10,0
2023,9,2023_09_LAC_NYJ,REG,NYJ,LAC,6.0,27.0,-21.0,8,8,0
2023,10,2023_10_CAR_CHI,REG,CHI,CAR,16.0,13.0,3.0,4,4,0
2023,10,2023_10_IND_NE,REG,NE,IND,6.0,10.0,-4.0,7,7,0
2023,10,2023_10_CLE_BAL,REG,BAL,CLE,31.0,33.0,-2.0,7,7,1
2023,10,2023_10_HOU_CIN,REG,CIN,HOU,27.0,30.0,-3.0,7,7,0
2023,10,2023_10_SF_JAX,REG,JAX,SF,3.0,34.0,-31.0,14,14,0
2023,10,2023_10_NO_MIN,REG,MIN,NO,27.0,19.0,8.0,7,7,0
2023,10,2023_10_GB_PIT,REG,PIT,GB,23.0,19.0,4.0,10,7,0
2023,10,2023_10_TEN_TB,REG,TB,TEN,20.0,6.0,14.0,7,10,0
2023,10,2023_10_ATL_ARI,REG,ARI,ATL,25.0,23.0,2.0,7,7,0
2023,10,2023_10_DET_LAC,REG,LAC,DET,38.0,41.0,-3.0,6,13,0
2023,10,2023_10_NYG_DAL,REG,DAL,NYG,49.0,17.0,32.0,7,7,1
2023,10,2023_10_WAS_SEA,REG,SEA,WAS,29.0,26.0,3.0,7,7,0
2023,10,2023_10_NYJ_LV,REG,LV,NYJ,16.0,12.0,4.0,7,6,0
2023,10,2023_10_DEN_BUF,REG,BUF,DEN,22.0,24.0,-2.0,8,15,0
2023,11,2023_11_CIN_BAL,REG,BAL,CIN,34.0,20.0,14.0,4,4,1
2023,11,2023_11_DAL_CAR,REG,CAR,DAL,10.0,33.0,-23.0,10,7,0
2023,11,2023_11_PIT_CLE,REG,CLE,PIT,13.0,10.0,3.0,7,7,1
2023,11,2023_11_CHI_DET,REG,DET,CHI,31.0,26.0,5.0,7,10,1
2023,11,2023_11_LAC_GB,REG,GB,LAC,23.0,20.0,3.0,7,7,0
2023,11,2023_11_ARI_HOU,REG,HOU,ARI,21.0,16.0,5.0,7,7,0
2023,11,2023_11_TEN_JAX,REG,JAX,TEN,34.0,14.0,20.0,7,7,1
2023,11,2023_11_LV_MIA,REG,MIA,LV,20.0,13.0,7.0,14,7,0
2023,11,2023_11_NYG_WAS,REG,WAS,NYG,19.0,31.0,-12.0,7,7,1
2023,11,2023_11_TB_SF,REG,SF,TB,27.0,14.0,13.0,7,7,0
2023,11,2023_11_NYJ_BUF,REG,BUF,NYJ,32.0,6.0,26.0,6,7,1
2023,11,2023_11_SEA_LA,REG,LA,SEA,17.0,16.0,1.0,14,7,1
2023,11,2023_11_MIN_DEN,REG,DEN,MIN,21.0,20.0,1.0,6,7,0
2023,11,2023_11_PHI_KC,REG,KC,PHI,17.0,21.0,-4.0,15,15,0
2023,12,2023_12_GB_DET,REG,DET,GB,22.0,29.0,-7.0,4,4,1
2023,12,2023_12_WAS_DAL,REG,DAL,WAS,45.0,10.0,35.0,4,4,1
2023,12,2023_12_SF_SEA,REG,SEA,SF,13.0,31.0,-18.0,4,4,1
2023,12,2023_12_MIA_NYJ,REG,NYJ,MIA,13.0,34.0,-21.0,5,5,1
2023,12,2023_12_NO_ATL,REG,ATL,NO,24.0,15.0,9.0,14,14,1
2023,12,2023_12_PIT_CIN,REG,CIN,PIT,10.0,16.0,-6.0,10,7,1
2023,12,2023_12_JAX_HOU,REG,HOU,JAX,21.0,24.0,-3.0,7,7,1
2023,12,2023_12_TB_IND,REG,IND,TB,27.0,20.0,7.0,14,7,0
2023,12,2023_12_NE_NYG,REG,NYG,NE,10.0,7.0,3.0,7,14,0
2023,12,2023_12_CAR_TEN,REG,TEN,CAR,17.0,10.0,7.0,7,7,0
2023,12,2023_12_LA_ARI,REG,ARI,LA,14.0,37.0,-23.0,7,7,1
2023,12,2023_12_CLE_DEN,REG,DEN,CLE,29.0,12.0,17.0,7,7,0
2023,12,2023_12_KC_LV,REG,LV,KC,17.0,31.0,-14.0,7,6,1
2023,12,2023_12_BUF_PHI,REG,PHI,BUF,37.0,34.0,3.0,6,7,0
2023,12,2023_12_BAL_LAC,REG,LAC,BAL,10.0,20.0,-10.0,7,10,0
2023,12,2023_12_CHI_MIN,REG,MIN,CHI,10.0,12.0,-2.0,8,8,1
2023,13,2023_13_SEA_DAL,REG,DAL,SEA,41.0,35.0,6.0,7,7,0
2023,13,2023_13_DEN_HOU,REG,HOU,DEN,22.0,17.0,5.0,7,7,0
2023,13,2023_13_LAC_NE,REG,NE,LAC,0.0,6.0,-6.0,7,7,0
2023,13,2023_13_DET_NO,REG,NO,DET,28.0,33.0,-5.0,7,10,0
2023,13,2023_13_ATL_NYJ,REG,NYJ,ATL,8.0,13.0,-5.0,9,7,0
2023,13,2023_13_ARI_PIT,REG,PIT,ARI,10.0,24.0,-14.0,7,7,0
2023,13,2023_13_IND_TEN,REG,TEN,IND,28.0,31.0,-3.0,7,7,1
2023,13,2023_13_MIA_WAS,REG,WAS,MIA,15.0,45.0,-30.0,10,9,0
2023,13,2023_13_CAR_TB,REG,TB,CAR,21.0,18.0,3.0,7,7,1
2023,13,2023_13_CLE_LA,REG,LA,CLE,36.0,19.0,17.0,7,7,0
2023,13,2023_13_SF_PHI,REG,PHI,SF,19.0,42.0,-23.0,7,10,0
2023,13,2023_13_KC_GB,REG,GB,KC,27.0,19.0,8.0,10,7,0
2023,13,2023_13_CIN_JAX,REG,JAX,CIN,31.0,34.0,-3.0,8,8,0
2023,14,2023_14_NE_PIT,REG,PIT,NE,18.0,21.0,-3.0,4,4,0
2023,14,2023_14_TB_ATL,REG,ATL,TB,25.0,29.0,-4.0,7,7,1
2023,14,2023_14_LA_BAL,REG,BAL,LA,37.0,31.0,6.0,14,7,0
2023,14,2023_14_DET_CHI,REG,CHI,DET,28.0,13.0,15.0,13,7,1
2023,14,2023_14_IND_CIN,REG,CIN,IND,34.0,14.0,20.0,6,7,0
2023,14,2023_14_JAX_CLE,REG,CLE,JAX,31.0,27.0,4.0,7,6,0
2023,14,2023_14_CAR_NO,REG,NO,CAR,28.0,6.0,22.0,7,7,1
2023,14,2023_14_HOU_NYJ,REG,NYJ,HOU,30.0,6.0,24.0,7,7,0
2023,14,2023_14_MIN_LV,REG,LV,MIN,0.0,3.0,-3.0,14,13,0
2023,14,2023_14_SEA_SF,REG,SF,SEA,28.0,16.0,12.0,7,10,1
2023,14,2023_14_BUF_KC,REG,KC,BUF,17.0,20.0,-3.0,7,14,0
2023,14,2023_14_DEN_LAC,REG,LAC,DEN,7.0,24.0,-17.0,7,7,1
2023,14,2023_14_PHI_DAL,REG,DAL,PHI,33.0,13.0,20.0,10,7,1
2023,14,2023_14_TEN_MIA,REG,MIA,TEN,27.0,28.0,-1.0,8,8,0
2023,14,2023_14_GB_NYG,REG,NYG,GB,24.0,22.0,2.0,15,8,0
2023,15,2023_15_LAC_LV,REG,LV,LAC,63.0,21.0,42.0,4,4,1
2023,15,2023_15_MIN_CIN,REG,CIN,MIN,27.0,24.0,3.0,6,6,0
2023,15,2023_15_PIT_IND,REG,IND,PIT,30.0,13.0,17.0,6,9,0
2023,15,2023_15_DEN_DET,REG,DET,DEN,42.0,17.0,25.0,6,6,0
2023,15,2023_15_ATL_CAR,REG,CAR,ATL,9.0,7.0,2.0,7,7,1
2023,15,2023_15_CHI_CLE,REG,CLE,CHI,20.0,17.0,3.0,7,7,0
2023,15,2023_15_TB_GB,REG,GB,TB,20.0,34.0,-14.0,6,7,0
2023,15,2023_15_NYJ_MIA,REG,MIA,NYJ,30.0,0.0,30.0,6,7,1
2023,15,2023_15_KC_NE,REG,NE,KC,17.0,27.0,-10.0,10,7,0
2023,15,2023_15_NYG_NO,REG,NO,NYG,24.0,6.0,18.0,7,6,0
2023,15,2023_15_HOU_TEN,REG,TEN,HOU,16.0,19.0,-3.0,6,7,1
2023,15,2023_15_SF_ARI,REG,ARI,SF,29.0,45.0,-16.0,14,7,1
2023,15,2023_15_WAS_LA,REG,LA,WAS,28.0,20.0,8.0,7,14,0
2023,15,2023_15_DAL_BUF,REG,BUF,DAL,31.0,10.0,21.0,7,7,0
2023,15,2023_15_BAL_JAX,REG,JAX,BAL,7.0,23.0,-16.0,7,7,0
2023,15,2023_15_PHI_SEA,REG,SEA,PHI,20.0,17.0,3.0,8,8,0
2023,16,2023_16_NO_LA,REG,LA,NO,30.0,22.0,8.0,4,4,0
2023,16,2023_16_CIN_PIT,REG,PIT,CIN,34.0,11.0,23.0,7,7,1
2023,16,2023_16_BUF_LAC,REG,LAC,BUF,22.0,24.0,-2.0,9,6,0
2023,16,2023_16_IND_ATL,REG,ATL,IND,29.0,10.0,19.0,7,8,0
2023,16,2023_16_GB_CAR,REG,CAR,GB,30.0,33.0,-3.0,7,7,0
2023,16,2023_16_CLE_HOU,REG,HOU,CLE,22.0,36.0,-14.0,7,7,0
2023,16,2023_16_DET_MIN,REG,MIN,DET,24.0,30.0,-6.0,8,8,1
2023,16,2023_16_WAS_NYJ,REG,NYJ,WAS,30.0,28.0,2.0,7,7,0
2023,16,2023_16_SEA_TEN,REG,TEN,SEA,17.0,20.0,-3.0,7,6,0
2023,16,2023_16_JAX_TB,REG,TB,JAX,30.0,12.0,18.0,7,7,0
2023,16,2023_16_ARI_CHI,REG,CHI,ARI,27.0,16.0,11.0,7,7,0
2023,16,2023_16_DAL_MIA,REG,MIA,DAL,22.0,20.0,2.0,7,7,0
2023,16,2023_16_NE_DEN,REG,DEN,NE,23.0,26.0,-3.0,8,7,0
2023,16,2023_16_LV_KC,REG,KC,LV,14.0,20.0,-6.0,8,11,1
2023,16,2023_16_NYG_PHI,REG,PHI,NYG,33.0,25.0,8.0,7,8,1
2023,16,2023_16_BAL_SF,REG,SF,BAL,19.0,33.0,-14.0,8,8,0
2023,17,2023_17_NYJ_CLE,REG,CLE,NYJ,37.0,20.0,17.0,4,4,0
2023,17,2023_17_DET_DAL,REG,DAL,DET,20.0,19.0,1.0,6,6,0
2023,17,2023_17_MIA_BAL,REG,BAL,MIA,56.0,19.0,37.0,6,7,0
2023,17,2023_17_NE_BUF,REG,BUF,NE,27.0,21.0,6.0,8,7,1
2023,17,2023_17_ATL_CHI,REG,CHI,ATL,37.0,17.0,20.0,7,7,0
2023,17,2023_17_TEN_HOU,REG,HOU,TEN,26.0,3.0,23.0,7,7,1
2023,17,2023_17_LV_IND,REG,IND,LV,23.0,20.0,3.0,7,6,0
2023,17,2023_17_CAR_JAX,REG,JAX,CAR,26.0,0.0,26.0,7,7,0
2023,17,2023_17_LA_NYG,REG,NYG,LA,25.0,26.0,-1.0,6,10,0
2023,17,2023_17_ARI_PHI,REG,PHI,ARI,31.0,35.0,-4.0,6,7,0
2023,17,2023_17_NO_TB,REG,TB,NO,13.0,23.0,-10.0,7,10,1
2023,17,2023_17_SF_WAS,REG,WAS,SF,10.0,27.0,-17.0,7,6,0
2023,17,2023_17_PIT_SEA,REG,SEA,PIT,23.0,30.0,-7.0,7,8,0
2023,17,2023_17_LAC_DEN,REG,DEN,LAC,16.0,9.0,7.0,7,8,1
2023,17,2023_17_CIN_KC,REG,KC,CIN,25.0,17.0,8.0,6,8,0
2023,17,2023_17_GB_MIN,REG,MIN,GB,10.0,33.0,-23.0,7,7,1
2023,18,2023_18_PIT_BAL,REG,BAL,PIT,10.0,17.0,-7.0,6,6,1
2023,18,2023_18_HOU_IND,REG,IND,HOU,19.0,23.0,-4.0,6,6,1
2023,18,2023_18_TB_CAR,REG,CAR,TB,0.0,9.0,-9.0,7,7,1
2023,18,2023_18_CLE_CIN,REG,CIN,CLE,31.0,14.0,17.0,7,10,1
2023,18,2023_18_MIN_DET,REG,DET,MIN,30.0,20.0,10.0,8,7,1
2023,18,2023_18_NYJ_NE,REG,NE,NYJ,3.0,17.0,-14.0,7,10,1
2023,18,2023_18_ATL_NO,REG,NO,ATL,48.0,17.0,31.0,7,7,1
2023,18,2023_18_JAX_TEN,REG,TEN,JAX,28.0,20.0,8.0,7,7,1
2023,18,2023_18_SEA_ARI,REG,ARI,SEA,20.0,21.0,-1.0,7,7,1
2023,18,2023_18_CHI_GB,REG,GB,CHI,17.0,9.0,8.0,7,7,1
2023,18,2023_18_KC_LAC,REG,LAC,KC,12.0,13.0,-1.0,7,7,1
2023,18,2023_18_DEN_LV,REG,LV,DEN,27.0,14.0,13.0,7,7,1
2023,18,2023_18_PHI_NYG,REG,NYG,PHI,27.0,10.0,17.0,7,7,1
2023,18,2023_18_LA_SF,REG,SF,LA,20.0,21.0,-1.0,7,7,1
2023,18,2023_18_DAL_WAS,REG,WAS,DAL,10.0,38.0,-28.0,7,8,1
2023,18,2023_18_BUF_MIA,REG,MIA,BUF,14.0,21.0,-7.0,7,7,1
2024,1,2024_01_BAL_KC,REG,KC,BAL,27.0,20.0,7.0,7,7,0
2024,1,2024_01_GB_PHI,REG,PHI,GB,34.0,29.0,5.0,7,7,0
2024,1,2024_01_PIT_ATL,REG,ATL,PIT,10.0,18.0,-8.0,7,7,0
2024,1,2024_01_ARI_BUF,REG,BUF,ARI,34.0,28.0,6.0,7,7,0
2024,1,2024_01_TEN_CHI,REG,CHI,TEN,24.0,17.0,7.0,7,7,0
2024,1,2024_01_NE_CIN,REG,CIN,NE,10.0,16.0,-6.0,7,7,0
2024,1,2024_01_HOU_IND,REG,IND,HOU,27.0,29.0,-2.0,7,7,1
2024,1,2024_01_JAX_MIA,REG,MIA,JAX,20.0,17.0,3.0,7,7,0
2024,1,2024_01_CAR_NO,REG,NO,CAR,47.0,10.0,37.0,7,7,1
2024,1,2024_01_MIN_NYG,REG,NYG,MIN,6.0,28.0,-22.0,7,7,0
2024,1,2024_01_LV_LAC,REG,LAC,LV,22.0,10.0,12.0,7,7,1
2024,1,2024_01_DEN_SEA,REG,SEA,DEN,26.0,20.0,6.0,7,7,0
2024,1,2024_01_DAL_CLE,REG,CLE,DAL,17.0,33.0,-16.0,7,7,0
2024,1,2024_01_WAS_TB,REG,TB,WAS,37.0,20.0,17.0,7,7,0
2024,1,2024_01_LA_DET,REG,DET,LA,26.0,20.0,6.0,7,7,0
2024,1,2024_01_NYJ_SF,REG,SF,NYJ,32.0,19.0,13.0,7,7,0
2024,2,2024_02_BUF_MIA,REG,MIA,BUF,10.0,31.0,-21.0,4,4,1
2024,2,2024_02_LV_BAL,REG,BAL,LV,23.0,26.0,-3.0,10,7,0
2024,2,2024_02_LAC_CAR,REG,CAR,LAC,3.0,26.0,-23.0,7,7,0
2024,2,2024_02_NO_DAL,REG,DAL,NO,19.0,44.0,-25.0,7,7,0
2024,2,2024_02_TB_DET,REG,DET,TB,16.0,20.0,-4.0,7,7,0
2024,2,2024_02_IND_GB,REG,GB,IND,16.0,10.0,6.0,9,7,0
2024,2,2024_02_CLE_JAX,REG,JAX,CLE,13.0,18.0,-5.0,7,7,0
2024,2,2024_02_SF_MIN,REG,MIN,SF,23.0,17.0,6.0,7,6,0
2024,2,2024_02_SEA_NE,REG,NE,SEA,20.0,23.0,-3.0,7,7,0
2024,2,2024_02_NYJ_TEN,REG,TEN,NYJ,17.0,24.0,-7.0,7,6,0
2024,2,2024_02_NYG_WAS,REG,WAS,NYG,21.0,18.0,3.0,7,7,1
2024,2,2024_02_LA_ARI,REG,ARI,LA,41.0,10.0,31.0,7,7,1
2024,2,2024_02_PIT_DEN,REG,DEN,PIT,6.0,13.0,-7.0,7,7,0
2024,2,2024_02_CIN_KC,REG,KC,CIN,26.0,25.0,1.0,10,7,0
2024,2,2024_02_CHI_HOU,REG,HOU,CHI,19.0,13.0,6.0,7,7,0
2024,2,2024_02_ATL_PHI,REG,PHI,ATL,21.0,22.0,-1.0,10,8,0
2024,3,2024_03_NE_NYJ,REG,NYJ,NE,24.0,3.0,21.0,4,4,1
2024,3,2024_03_NYG_CLE,REG,CLE,NYG,15.0,21.0,-6.0,7,7,0
2024,3,2024_03_CHI_IND,REG,IND,CHI,21.0,16.0,5.0,7,7,0
2024,3,2024_03_HOU_MIN,REG,MIN,HOU,34.0,7.0,27.0,7,7,0
2024,3,2024_03_PHI_NO,REG,NO,PHI,12.0,15.0,-3.0,7,6,0
2024,3,2024_03_LAC_PIT,REG,PIT,LAC,20.0,10.0,10.0,7,7,0
2024,3,2024_03_DEN_TB,REG,TB,DEN,7.0,26.0,-19.0,7,7,0
2024,3,2024_03_GB_TEN,REG,TEN,GB,14.0,30.0,-16.0,7,7,0
2024,3,2024_03_CAR_LV,REG,LV,CAR,22.0,36.0,-14.0,7,7,0
2024,3,2024_03_MIA_SEA,REG,SEA,MIA,24.0,3.0,21.0,7,10,0
2024,3,2024_03_DET_ARI,REG,ARI,DET,13.0,20.0,-7.0,7,7,0
2024,3,2024_03_BAL_DAL,REG,DAL,BAL,25.0,28.0,-3.0,7,7,0
2024,3,2024_03_SF_LA,REG,LA,SF,27.0,24.0,3.0,7,7,1
2024,3,2024_03_KC_ATL,REG,ATL,KC,17.0,22.0,-5.0,6,7,0
2024,3,2024_03_JAX_BUF,REG,BUF,JAX,47.0,10.0,37.0,11,8,0
2024,3,2024_03_WAS_CIN,REG,CIN,WAS,33.0,38.0,-5.0,8,8,0
2024,4,2024_04_DAL_NYG,REG,NYG,DAL,15.0,20.0,-5.0,4,4,1
2024,4,2024_04_NO_ATL,REG,ATL,NO,26.0,24.0,2.0,7,7,1
2024,4,2024_04_CIN_CAR,REG,CAR,CIN,24.0,34.0,-10.0,7,6,0
2024,4,2024_04_LA_CHI,REG,CHI,LA,24.0,18.0,6.0,7,7,0
2024,4,2024_04_MIN_GB,REG,GB,MIN,29.0,31.0,-2.0,7,7,1
2024,4,2024_04_JAX_HOU,REG,HOU,JAX,24.0,20.0,4.0,7,6,1
2024,4,2024_04_PIT_IND,REG,IND,PIT,27.0,24.0,3.0,7,7,0
2024,4,2024_04_DEN_NYJ,REG,NYJ,DEN,9.0,10.0,-1.0,10,7,0
2024,4,2024_04_PHI_TB,REG,TB,PHI,33.0,16.0,17.0,7,7,0
2024,4,2024_04_WAS_ARI,REG,ARI,WAS,14.0,42.0,-28.0,7,6,0
2024,4,2024_04_NE_SF,REG,SF,NE,30.0,13.0,17.0,7,10,0
2024,4,2024_04_KC_LAC,REG,LAC,KC,10.0,17.0,-7.0,7,7,1
2024,4,2024_04_CLE_LV,REG,LV,CLE,20.0,16.0,4.0,7,7,0
2024,4,2024_04_BUF_BAL,REG,BAL,BUF,35.0,10.0,25.0,7,6,0
2024,4,2024_04_TEN_MIA,REG,MIA,TEN,12.0,31.0,-19.0,8,8,0
2024,4,2024_04_SEA_DET,REG,DET,SEA,42.0,29.0,13.0,8,8,0
2024,5,2024_05_TB_ATL,REG,ATL,TB,36.0,30.0,6.0,4,4,1
2024,5,2024_05_NYJ_MIN,REG,MIN,NYJ,23.0,17.0,6.0,7,7,0
2024,5,2024_05_CAR_CHI,REG,CHI,CAR,36.0,10.0,26.0,7,7,0
2024,5,2024_05_BAL_CIN,REG,CIN,BAL,38.0,41.0,-3.0,7,7,1
2024,5,2024_05_BUF_HOU,REG,HOU,BUF,23.0,20.0,3.0,7,7,0
2024,5,2024_05_IND_JAX,REG,JAX,IND,37.0,34.0,3.0,7,7,1
2024,5,2024_05_MIA_NE,REG,NE,MIA,10.0,15.0,-5.0,7,6,1
2024,5,2024_05_CLE_WAS,REG,WAS,CLE,34.0,13.0,21.0,7,7,0
2024,5,2024_05_LV_DEN,REG,DEN,LV,34.0,18.0,16.0,7,7,1
2024,5,2024_05_ARI_SF,REG,SF,ARI,23.0,24.0,-1.0,7,7,1
2024,5,2024_05_GB_LA,REG,LA,GB,19.0,24.0,-5.0,7,7,0
2024,5,2024_05_NYG_SEA,REG,SEA,NYG,20.0,29.0,-9.0,6,10,0
2024,5,2024_05_DAL_PIT,REG,PIT,DAL,17.0,20.0,-3.0,7,10,0
2024,5,2024_05_NO_KC,REG,KC,NO,26.0,13.0,13.0,8,8,0
2024,6,2024_06_SF_SEA,REG,SEA,SF,24.0,36.0,-12.0,4,4,1
2024,6,2024_06_JAX_CHI,REG,CHI,JAX,35.0,16.0,19.0,7,7,0
2024,6,2024_06_WAS_BAL,REG,BAL,WAS,30.0,23.0,7.0,7,7,0
2024,6,2024_06_ARI_GB,REG,GB,ARI,34.0,13.0,21.0,7,7,0
2024,6,2024_06_HOU_NE,REG,NE,HOU,21.0,41.0,-20.0,7,7,0
2024,6,2024_06_TB_NO,REG,NO,TB,27.0,51.0,-24.0,6,10,1
2024,6,2024_06_CLE_PHI,REG,PHI,CLE,20.0,16.0,4.0,14,7,0
2024,6,2024_06_IND_TEN,REG,TEN,IND,17.0,20.0,-3.0,13,7,1
2024,6,2024_06_LAC_DEN,REG,DEN,LAC,16.0,23.0,-7.0,7,14,1
2024,6,2024_06_PIT_LV,REG,LV,PIT,13.0,32.0,-19.0,7,7,0
2024,6,2024_06_ATL_CAR,REG,CAR,ATL,20.0,38.0,-18.0,7,10,1
2024,6,2024_06_DET_DAL,REG,DAL,DET,9.0,47.0,-38.0,7,13,0
2024,6,2024_06_CIN_NYG,REG,NYG,CIN,7.0,17.0,-10.0,7,7,0
2024,6,2024_06_BUF_NYJ,REG,NYJ,BUF,20.0,23.0,-3.0,8,8,1
2024,7,2024_07_DEN_NO,REG,NO,DEN,10.0,33.0,-23.0,4,4,0
2024,7,2024_07_NE_JAX,REG,JAX,NE,32.0,16.0,16.0,7,7,0
2024,7,2024_07_SEA_ATL,REG,ATL,SEA,14.0,34.0,-20.0,7,10,0
2024,7,2024_07_TEN_BUF,REG,BUF,TEN,34.0,10.0,24.0,6,7,0
2024,7,2024_07_CIN_CLE,REG,CLE,CIN,14.0,21.0,-7.0,7,7,1
2024,7,2024_07_HOU_GB,REG,GB,HOU,24.0,22.0,2.0,7,7,0
2024,7,2024_07_MIA_IND,REG,IND,MIA,16.0,10.0,6.0,7,14,0
2024,7,2024_07_DET_MIN,REG,MIN,DET,29.0,31.0,-2.0,14,7,1
2024,7,2024_07_PHI_NYG,REG,NYG,PHI,3.0,28.0,-25.0,7,7,1
2024,7,2024_07_LV_LA,REG,LA,LV,20.0,15.0,5.0,14,7,0
2024,7,2024_07_CAR_WAS,REG,WAS,CAR,40.0,7.0,33.0,7,7,0
2024,7,2024_07_KC_SF,REG,SF,KC,18.0,28.0,-10.0,10,13,0
2024,7,2024_07_NYJ_PIT,REG,PIT,NYJ,37.0,15.0,22.0,7,6,0
2024,7,2024_07_BAL_TB,REG,TB,BAL,31.0,41.0,-10.0,8,8,0
2024,7,2024_07_LAC_ARI,REG,ARI,LAC,17.0,15.0,2.0,8,8,0
2024,8,2024_08_MIN_LA,REG,LA,MIN,30.0,20.0,10.0,4,4,0
2024,8,2024_08_PHI_CIN,REG,CIN,PHI,17.0,37.0,-20.0,7,7,0
2024,8,2024_08_BAL_CLE,REG,CLE,BAL,29.0,24.0,5.0,7,6,1
2024,8,2024_08_TEN_DET,REG,DET,TEN,52.0,14.0,38.0,7,7,0
2024,8,2024_08_IND_HOU,REG,HOU,IND,23.0,20.0,3.0,7,7,1
2024,8,2024_08_GB_JAX,REG,JAX,GB,27.0,30.0,-3.0,7,7,0
2024,8,2024_08_ARI_MIA,REG,MIA,ARI,27.0,28.0,-1.0,7,6,0
2024,8,2024_08_NYJ_NE,REG,NE,NYJ,25.0,22.0,3.0,7,7,1
2024,8,2024_08_ATL_TB,REG,TB,ATL,26.0,31.0,-5.0,6,7,1
2024,8,2024_08_NO_LAC,REG,LAC,NO,26.0,8.0,18.0,6,10,0
2024,8,2024_08_BUF_SEA,REG,SEA,BUF,10.0,31.0,-21.0,7,7,0
2024,8,2024_08_CAR_DEN,REG,DEN,CAR,28.0,14.0,14.0,10,7,0
2024,8,2024_08_KC_LV,REG,LV,KC,20.0,27.0,-7.0,7,7,1
2024,8,2024_08_CHI_WAS,REG,WAS,CHI,18.0,15.0,3.0,7,14,0
2024,8,2024_08_DAL_SF,REG,SF,DAL,30.0,24.0,6.0,7,14,0
2024,8,2024_08_NYG_PIT,REG,PIT,NYG,26.0,18.0,8.0,8,8,0
2024,9,2024_09_HOU_NYJ,REG,NYJ,HOU,21.0,13.0,8.0,4,4,0
2024,9,2024_09_DAL_ATL,REG,ATL,DAL,27.0,21.0,6.0,7,7,0
2024,9,2024_09_DEN_BAL,REG,BAL,DEN,41.0,10.0,31.0,7,7,0
2024,9,2024_09_MIA_BUF,REG,BUF,MIA,30.0,27.0,3.0,7,7,1
2024,9,2024_09_NO_CAR,REG,CAR,NO,23.0,22.0,1.0,7,7,1
2024,9,2024_09_LV_CIN,REG,CIN,LV,41.0,24.0,17.0,7,7,0
2024,9,2024_09_LAC_CLE,REG,CLE,LAC,10.0,27.0,-17.0,7,7,0
2024,9,2024_09_WAS_NYG,REG,NYG,WAS,22.0,27.0,-5.0,6,7,1
2024,9,2024_09_NE_TEN,REG,TEN,NE,20.0,17.0,3.0,7,7,0
2024,9,2024_09_CHI_ARI,REG,ARI,CHI,29.0,9.0,20.0,7,7,0
2024,9,2024_09_JAX_PHI,REG,PHI,JAX,28.0,23.0,5.0,7,7,0
2024,9,2024_09_DET_GB,REG,GB,DET,14.0,24.0,-10.0,7,7,1
2024,9,2024_09_LA_SEA,REG,SEA,LA,20.0,26.0,-6.0,7,10,1
2024,9,2024_09_IND_MIN,REG,MIN,IND,21.0,13.0,8.0,10,7,0
2024,9,2024_09_TB_KC,REG,KC,TB,30.0,24.0,6.0,8,8,0
2024,10,2024_10_CIN_BAL,REG,BAL,CIN,35.0,34.0,1.0,4,4,1
2024,10,2024_10_NYG_CAR,REG,CAR,NYG,20.0,17.0,3.0,7,7,0
2024,10,2024_10_NE_CHI,REG,CHI,NE,3.0,19.0,-16.0,7,7,0
2024,10,2024_10_BUF_IND,REG,IND,BUF,20.0,30.0,-10.0,7,7,0
2024,10,2024_10_MIN_JAX,REG,JAX,MIN,7.0,12.0,-5.0,7,7,0
2024,10,2024_10_DEN_KC,REG,KC,DEN,16.0,14.0,2.0,6,7,1
2024,10,2024_10_ATL_NO,REG,NO,ATL,20.0,17.0,3.0,7,7,1
2024,10,2024_10_SF_TB,REG,TB,SF,20.0,23.0,-3.0,6,14,0
2024,10,2024_10_PIT_WAS,REG,WAS,PIT,27.0,28.0,-1.0,7,13,0
2024,10,2024_10_TEN_LAC,REG,LAC,TEN,27.0,17.0,10.0,7,7,0
2024,10,2024_10_NYJ_ARI,REG,ARI,NYJ,31.0,6.0,25.0,7,10,0
2024,10,2024_10_PHI_DAL,REG,DAL,PHI,6.0,34.0,-28.0,7,7,1
2024,10,2024_10_DET_HOU,REG,HOU,DET,23.0,26.0,-3.0,10,7,0
2024,10,2024_10_MIA_LA,REG,LA,MIA,15.0,23.0,-8.0,8,8,0
2024,11,2024_11_WAS_PHI,REG,PHI,WAS,26.0,18.0,8.0,4,4,1
2024,11,2024_11_GB_CHI,REG,CHI,GB,19.0,20.0,-1.0,7,14,1
2024,11,2024_11_JAX_DET,REG,DET,JAX,52.0,6.0,46.0,7,7,0
2024,11,2024_11_LV_MIA,REG,MIA,LV,34.0,19.0,15.0,6,14,0
2024,11,2024_11_LA_NE,REG,NE,LA,22.0,28.0,-6.0,7,6,0
2024,11,2024_11_CLE_NO,REG,NO,CLE,35.0,14.0,21.0,7,14,0
2024,11,2024_11_IND_NYJ,REG,NYJ,IND,27.0,28.0,-1.0,7,7,0
2024,11,2024_11_BAL_PIT,REG,PIT,BAL,18.0,16.0,2.0,7,10,1
2024,11,2024_11_MIN_TEN,REG,TEN,MIN,13.0,23.0,-10.0,7,7,0
2024,11,2024_11_ATL_DEN,REG,DEN,ATL,38.0,6.0,32.0,7,7,0
2024,11,2024_11_SEA_SF,REG,SF,SEA,17.0,20.0,-3.0,7,14,1
2024,11,2024_11_KC_BUF,REG,BUF,KC,30.0,21.0,9.0,7,7,0
2024,11,2024_11_CIN_LAC,REG,LAC,CIN,34.0,27.0,7.0,7,10,0
2024,11,2024_11_HOU_DAL,REG,DAL,HOU,10.0,34.0,-24.0,8,8,0
2024,12,2024_12_PIT_CLE,REG,CLE,PIT,24.0,19.0,5.0,4,4,1
2024,12,2024_12_KC_CAR,REG,CAR,KC,27.0,30.0,-3.0,14,7,0
2024,12,2024_12_MIN_CHI,REG,CHI,MIN,27.0,30.0,-3.0,7,7,1
2024,12,2024_12_TEN_HOU,REG,HOU,TEN,27.0,32.0,-5.0,6,7,1
2024,12,2024_12_DET_IND,REG,IND,DET,6.0,24.0,-18.0,7,7,0
2024,12,2024_12_NE_MIA,REG,MIA,NE,34.0,15.0,19.0,7,7,1
2024,12,2024_12_TB_NYG,REG,NYG,TB,7.0,30.0,-23.0,14,14,0
2024,12,2024_12_DAL_WAS,REG,WAS,DAL,26.0,34.0,-8.0,10,6,1
2024,12,2024_12_DEN_LV,REG,LV,DEN,19.0,29.0,-10.0,7,7,1
2024,12,2024_12_SF_GB,REG,GB,SF,38.0,10.0,28.0,7,7,0
2024,12,2024_12_ARI_SEA,REG,SEA,ARI,16.0,6.0,10.0,7,14,1
2024,12,2024_12_PHI_LA,REG,LA,PHI,20.0,37.0,-17.0,7,10,0
2024,12,2024_12_BAL_LAC,REG,LAC,BAL,23.0,30.0,-7.0,8,8,0
2024,13,2024_13_CHI_DET,REG,DET,CHI,23.0,20.0,3.0,4,4,1
2024,13,2024_13_NYG_DAL,REG,DAL,NYG,27.0,20.0,7.0,4,4,1
2024,13,2024_13_MIA_GB,REG,GB,MIA,30.0,17.0,13.0,4,4,0
2024,13,2024_13_LV_KC,REG,KC,LV,19.0,17.0,2.0,5,5,1
2024,13,2024_13_LAC_ATL,REG,ATL,LAC,13.0,17.0,-4.0,14,6,0
2024,13,2024_13_PIT_CIN,REG,CIN,PIT,38.0,44.0,-6.0,14,10,1
2024,13,2024_13_HOU_JAX,REG,JAX,HOU,20.0,23.0,-3.0,14,7,1
2024,13,2024_13_ARI_MIN,REG,MIN,ARI,23.0,22.0,1.0,7,7,0
2024,13,2024_13_IND_NE,REG,NE,IND,24.0,25.0,-1.0,7,7,0
2024,13,2024_13_SEA_NYJ,REG,NYJ,SEA,21.0,26.0,-5.0,14,7,0
2024,13,2024_13_TEN_WAS,REG,WAS,TEN,42.0,19.0,23.0,7,7,0
2024,13,2024_13_TB_CAR,REG,CAR,TB,23.0,26.0,-3.0,7,7,1
2024,13,2024_13_LA_NO,REG,NO,LA,14.0,21.0,-7.0,14,7,0
2024,13,2024_13_PHI_BAL,REG,BAL,PHI,19.0,24.0,-5.0,6,7,0
2024,13,2024_13_SF_BUF,REG,BUF,SF,35.0,10.0,25.0,14,7,0
2024,13,2024_13_CLE_DEN,REG,DEN,CLE,41.0,32.0,9.0,8,11,0
2024,14,2024_14_GB_DET,REG,DET,GB,34.0,31.0,3.0,7,7,1
2024,14,2024_14_NYJ_MIA,REG,MIA,NYJ,32.0,26.0,6.0,10,7,1
2024,14,2024_14_ATL_MIN,REG,MIN,ATL,42.0,21.0,21.0,7,7,0
2024,14,2024_14_NO_NYG,REG,NYG,NO,11.0,14.0,-3.0,10,7,0
2024,14,2024_14_CAR_PHI,REG,PHI,CAR,22.0,16.0,6.0,7,7,0
2024,14,2024_14_CLE_PIT,REG,PIT,CLE,27.0,14.0,13.0,7,6,1
2024,14,2024_14_LV_TB,REG,TB,LV,28.0,13.0,15.0,7,9,0
2024,14,2024_14_JAX_TEN,REG,TEN,JAX,6.0,10.0,-4.0,7,7,1
2024,14,2024_14_SEA_ARI,REG,ARI,SEA,18.0,30.0,-12.0,7,7,1
2024,14,2024_14_BUF_LA,REG,LA,BUF,44.0,42.0,2.0,7,7,0
2024,14,2024_14_CHI_SF,REG,SF,CHI,38.0,13.0,25.0,7,10,0
2024,14,2024_14_LAC_KC,REG,KC,LAC,19.0,17.0,2.0,9,7,1
2024,14,2024_14_CIN_DAL,REG,DAL,CIN,20.0,27.0,-7.0,11,8,0
2024,15,2024_15_LA_SF,REG,SF,LA,6.0,12.0,-6.0,4,4,1
2024,15,2024_15_DAL_CAR,REG,CAR,DAL,14.0,30.0,-16.0,7,6,0
2024,15,2024_15_KC_CLE,REG,CLE,KC,7.0,21.0,-14.0,7,7,0
2024,15,2024_15_MIA_HOU,REG,HOU,MIA,20.0,12.0,8.0,14,7,0
2024,15,2024_15_NYJ_JAX,REG,JAX,NYJ,25.0,32.0,-7.0,7,7,0
2024,15,2024_15_WAS_NO,REG,NO,WAS,19.0,20.0,-1.0,7,14,0
2024,15,2024_15_BAL_NYG,REG,NYG,BAL,14.0,35.0,-21.0,7,14,0
2024,15,2024_15_CIN_TEN,REG,TEN,CIN,27.0,37.0,-10.0,7,6,0
2024,15,2024_15_NE_ARI,REG,ARI,NE,30.0,17.0,13.0,7,14,0
2024,15,2024_15_IND_DEN,REG,DEN,IND,31.0,13.0,18.0,13,14,0
2024,15,2024_15_BUF_DET,REG,DET,BUF,42.0,48.0,-6.0,10,7,0
2024,15,2024_15_TB_LAC,REG,LAC,TB,17.0,40.0,-23.0,7,7,0
2024,15,2024_15_PIT_PHI,REG,PHI,PIT,27.0,13.0,14.0,7,7,0
2024,15,2024_15_GB_SEA,REG,SEA,GB,13.0,30.0,-17.0,7,10,0
2024,15,2024_15_CHI_MIN,REG,MIN,CHI,30.0,12.0,18.0,8,8,1
2024,15,2024_15_ATL_LV,REG,LV,ATL,9.0,15.0,-6.0,8,8,0
2024,16,2024_16_DEN_LAC,REG,LAC,DEN,34.0,27.0,7.0,4,4,1
2024,16,2024_16_HOU_KC,REG,KC,HOU,27.0,19.0,8.0,6,6,0
2024,16,2024_16_PIT_BAL,REG,BAL,PIT,34.0,17.0,17.0,6,6,1
2024,16,2024_16_NYG_ATL,REG,ATL,NYG,34.0,7.0,27.0,6,7,0
2024,16,2024_16_ARI_CAR,REG,CAR,ARI,36.0,30.0,6.0,7,7,0
2024,16,2024_16_DET_CHI,REG,CHI,DET,17.0,34.0,-17.0,6,7,1
2024,16,2024_16_CLE_CIN,REG,CIN,CLE,24.0,6.0,18.0,7,7,1
2024,16,2024_16_TEN_IND,REG,IND,TEN,38.0,30.0,8.0,7,7,1
2024,16,2024_16_LA_NYJ,REG,NYJ,LA,9.0,19.0,-10.0,7,10,0
2024,16,2024_16_PHI_WAS,REG,WAS,PHI,36.0,33.0,3.0,7,7,1
2024,16,2024_16_MIN_SEA,REG,SEA,MIN,24.0,27.0,-3.0,7,6,0
2024,16,2024_16_NE_BUF,REG,BUF,NE,24.0,21.0,3.0,7,7,1
2024,16,2024_16_JAX_LV,REG,LV,JAX,19.0,14.0,5.0,6,7,0
2024,16,2024_16_SF_MIA,REG,MIA,SF,29.0,17.0,12.0,7,10,0
2024,16,2024_16_TB_DAL,REG,DAL,TB,26.0,24.0,2.0,7,7,0
2024,16,2024_16_NO_GB,REG,GB,NO,34.0,0.0,34.0,8,8,0
2024,17,2024_17_KC_PIT,REG,PIT,KC,10.0,29.0,-19.0,4,4,0
2024,17,2024_17_BAL_HOU,REG,HOU,BAL,2.0,31.0,-29.0,4,4,0
2024,17,2024_17_SEA_CHI,REG,CHI,SEA,3.0,6.0,-3.0,4,4,0
2024,17,2024_17_LAC_NE,REG,NE,LAC,7.0,40.0,-33.0,6,9,0
2024,17,2024_17_DEN_CIN,REG,CIN,DEN,30.0,24.0,6.0,6,9,0
2024,17,2024_17_ARI_LA,REG,LA,ARI,13.0,9.0,4.0,6,6,1
2024,17,2024_17_NYJ_BUF,REG,BUF,NYJ,40.0,14.0,26.0,7,7,1
2024,17,2024_17_TEN_JAX,REG,JAX,TEN,20.0,13.0,7.0,7,7,1
2024,17,2024_17_LV_NO,REG,NO,LV,10.0,25.0,-15.0,6,7,0
2024,17,2024_17_IND_NYG,REG,NYG,IND,45.0,33.0,12.0,7,7,0
2024,17,2024_17_DAL_PHI,REG,PHI,DAL,41.0,7.0,34.0,7,7,1
2024,17,2024_17_CAR_TB,REG,TB,CAR,48.0,14.0,34.0,7,7,1
2024,17,2024_17_MIA_CLE,REG,CLE,MIA,3.0,20.0,-17.0,7,7,0
2024,17,2024_17_GB_MIN,REG,MIN,GB,27.0,25.0,2.0,7,6,1
2024,17,2024_17_ATL_WAS,REG,WAS,ATL,30.0,24.0,6.0,7,7,0
2024,17,2024_17_DET_SF,REG,SF,DET,34.0,40.0,-6.0,8,8,0
2024,18,2024_18_CLE_BAL,REG,BAL,CLE,35.0,10.0,25.0,10,6,1
2024,18,2024_18_CIN_PIT,REG,PIT,CIN,17.0,19.0,-2.0,10,7,1
2024,18,2024_18_CAR_ATL,REG,ATL,CAR,38.0,44.0,-6.0,7,7,1
2024,18,2024_18_WAS_DAL,REG,DAL,WAS,19.0,23.0,-4.0,7,7,1
2024,18,2024_18_CHI_GB,REG,GB,CHI,22.0,24.0,-2.0,7,10,1
2024,18,2024_18_JAX_IND,REG,IND,JAX,26.0,23.0,3.0,7,7,1
2024,18,2024_18_BUF_NE,REG,NE,BUF,23.0,16.0,7.0,8,7,1
2024,18,2024_18_NYG_PHI,REG,PHI,NYG,20.0,13.0,7.0,7,7,1
2024,18,2024_18_NO_TB,REG,TB,NO,27.0,19.0,8.0,7,7,1
2024,18,2024_18_HOU_TEN,REG,TEN,HOU,14.0,23.0,-9.0,7,11,1
2024,18,2024_18_SF_ARI,REG,ARI,SF,47.0,24.0,23.0,8,6,1
2024,18,2024_18_KC_DEN,REG,DEN,KC,38.0,0.0,38.0,8,11,1
2024,18,2024_18_SEA_LA,REG,LA,SEA,25.0,30.0,-5.0,8,10,1
2024,18,2024_18_LAC_LV,REG,LV,LAC,20.0,34.0,-14.0,7,8,1
2024,18,2024_18_MIA_NYJ,REG,NYJ,MIA,32.0,20.0,12.0,7,7,1
2024,18,2024_18_MIN_DET,REG,DET,MIN,31.0,9.0,22.0,6,7,1
